/****************************************************************************
** Resource object code
**
** Created by: The Resource Compiler for Qt version 6.11.1
**
** WARNING! All changes made in this file will be lost!
*****************************************************************************/

#ifdef _MSC_VER
// disable informational message "function ... selected for automatic inline expansion"
#pragma warning (disable: 4711)
#endif

static const unsigned char qt_resource_data[] = {
  // Main.qml
  0x0,0x0,0x10,0x89,
  0x0,
  0x0,0x62,0x14,0x78,0xda,0xe5,0x5c,0xeb,0x72,0xe3,0xb6,0x15,0xfe,0x9f,0x99,0xbc,
  0x3,0xca,0xce,0xb4,0x52,0xd7,0x2b,0x93,0xd4,0xd5,0x72,0xdc,0x8c,0x2c,0x4b,0xdd,
  0x9d,0x59,0x7b,0x1d,0xdb,0x49,0x9a,0xf1,0xec,0xf,0x5a,0x82,0x25,0x4e,0x28,0x52,
  0x21,0x21,0xaf,0x9d,0xcd,0xce,0xf4,0x59,0xfa,0x68,0x7d,0x92,0x1e,0x80,0x20,0x9,
  0xf0,0xa,0x4a,0xb2,0xb3,0x6d,0x3c,0x99,0xac,0x78,0xc1,0x1,0x70,0x70,0xae,0x1f,
  0xe,0x61,0xaf,0xd6,0x9e,0x4f,0xd0,0x77,0xe4,0xbb,0x8d,0x3d,0xfb,0x19,0x99,0x2d,
  0xa3,0xfb,0xf5,0x57,0xb6,0x74,0xb3,0x35,0xf6,0x5c,0xe2,0x7b,0x4e,0xc0,0x9f,0x7e,
  0xfd,0xd5,0x8f,0xb6,0x3b,0xf7,0x3e,0xa2,0x4f,0x5f,0x7f,0x85,0xe0,0xcf,0x9e,0xf,
  0x91,0xb5,0x5e,0x87,0x37,0xc3,0x5b,0x1f,0xed,0x39,0x59,0xe,0x51,0xdf,0xd4,0x8f,
  0xd1,0x12,0xdb,0x8b,0x25,0x61,0x17,0xe1,0xc3,0x95,0xed,0xda,0xab,0xcd,0xea,0xc7,
  0xf0,0x9d,0x1e,0x7d,0x87,0xdf,0x7a,0xc3,0x5f,0xed,0x45,0xaf,0x3e,0xd8,0x81,0x7d,
  0xe7,0xe0,0x21,0x22,0xfe,0x6,0x1f,0x23,0x62,0x13,0x7a,0xa1,0xfd,0xe0,0x3d,0x5e,
  0xaf,0xb1,0x3b,0x37,0x75,0x5d,0x3b,0x46,0x33,0xcf,0xf1,0x7c,0xb8,0xfb,0xe7,0x69,
  0x77,0xda,0x9f,0x9e,0x6a,0x74,0x84,0xb4,0xf1,0x35,0xb1,0x66,0x3f,0xff,0x60,0xe3,
  0x78,0xa0,0xd1,0x60,0x83,0xe8,0xc1,0x31,0xb2,0xdc,0xd9,0xd2,0xf3,0x83,0xd6,0xbd,
  0xed,0x38,0x43,0xb4,0xb6,0x7c,0xec,0x92,0x63,0x4,0xa3,0x21,0xb6,0xe5,0xbc,0x25,
  0x78,0x35,0x44,0x8e,0xb7,0xb0,0xdd,0x4b,0x6b,0x81,0x13,0x22,0xeb,0x4d,0xb0,0x9c,
  0xb8,0x4,0x43,0xaf,0x37,0xbe,0xe5,0x6,0xf0,0xb6,0xe7,0xa2,0x4f,0x9f,0xc3,0x7,
  0x8f,0x36,0x49,0xdd,0x17,0x5a,0x7a,0xeb,0xfc,0x86,0x70,0xbf,0xac,0x9d,0x8f,0xd7,
  0x8e,0x35,0xc3,0xb9,0x6d,0xa3,0x67,0x45,0xed,0xf9,0x3f,0x63,0xf,0x56,0xd5,0x85,
  0xf9,0xa1,0x4f,0x8c,0xb,0xf1,0xbc,0x8e,0xd1,0xbb,0xe8,0x27,0x25,0x57,0xf0,0x7a,
  0x60,0x2f,0xdc,0xcd,0x3a,0x7c,0xff,0x3a,0xfe,0xcd,0x1b,0x64,0x9a,0xc8,0xc,0x5f,
  0x7a,0x2b,0x2c,0x73,0x90,0xb2,0x56,0x7c,0x2b,0x5e,0x9a,0x25,0x76,0x9c,0xfc,0x65,
  0x91,0x5f,0x5e,0xfb,0xde,0x1a,0xfb,0xe4,0x9,0xd6,0x8a,0xa0,0xd9,0xc6,0xa7,0x6f,
  0xdc,0x58,0x77,0x43,0xa4,0x17,0xbc,0xf7,0x60,0xf9,0x40,0x68,0x81,0x83,0x21,0xba,
  0x9d,0x5b,0xc1,0xf2,0xce,0xb3,0xfc,0x39,0x95,0x6c,0x68,0x78,0x80,0xac,0x19,0xb1,
  0x1f,0x6c,0xf2,0x14,0xdf,0xb0,0x81,0x8b,0x20,0x8b,0x41,0x7c,0x3,0x8,0xc1,0x68,
  0x30,0xbf,0xfe,0x20,0xf7,0x72,0x85,0x67,0xc4,0x72,0x17,0xe,0xf0,0xa3,0x40,0xa4,
  0xd2,0x42,0x8a,0x3e,0xcb,0x14,0xde,0x79,0xd6,0x1c,0xfb,0x42,0x73,0xe2,0xad,0xa3,
  0xd6,0xf4,0x77,0xc2,0x13,0x7,0xdf,0x93,0xf8,0x9,0xbd,0x48,0x1e,0xf9,0xa1,0xfa,
  0xf0,0x67,0xec,0x2a,0x79,0x78,0xe7,0x11,0xe2,0x81,0x3c,0xbb,0xd6,0xc3,0xa9,0xe5,
  0x87,0x34,0x3,0x6f,0xe3,0xcf,0x70,0xbc,0x6e,0x9c,0xff,0x2d,0xc6,0xa7,0xdb,0xf0,
  0x77,0xc2,0xdb,0xf,0xe9,0x31,0xb,0xb3,0x96,0x1f,0x44,0xab,0x19,0x76,0x95,0x98,
  0x80,0x81,0xb9,0xbf,0x69,0xf0,0xa7,0xe1,0x65,0xc2,0xdf,0x8f,0x4b,0x9b,0x60,0x30,
  0xa,0x77,0x9e,0xf,0xfc,0x6c,0xc5,0x6c,0x9f,0xc,0x26,0xa7,0x53,0x53,0xcb,0x8e,
  0xf3,0x8a,0x1a,0x32,0x5,0x81,0x4b,0x26,0xbd,0xc6,0x16,0x61,0x4b,0xb5,0xf2,0xe6,
  0x18,0xde,0x7e,0x67,0x7,0xe4,0x9c,0xfe,0xcc,0x63,0x43,0xbc,0xbe,0xf0,0xd2,0xc4,
  0xc1,0x2b,0xae,0x50,0x33,0xcf,0x85,0x51,0x51,0xbd,0x80,0xb1,0x3a,0xd6,0x1d,0xa5,
  0xa3,0xbd,0xa1,0x97,0x69,0x26,0x57,0x12,0x89,0x44,0x57,0x20,0x34,0x8a,0x6e,0xd5,
  0x26,0x36,0x5b,0x5a,0x3e,0x11,0x28,0xbd,0xe5,0x6a,0x50,0x9f,0xd2,0x26,0xc0,0xbe,
  0x40,0xe8,0x32,0x54,0x9f,0x42,0x3a,0x5,0xb7,0x43,0x3b,0x11,0xf9,0x13,0xbe,0xe6,
  0xec,0xa,0x1d,0xa2,0x4e,0x22,0x59,0xfc,0x49,0x78,0x59,0x3c,0xd2,0xb1,0xe7,0x6c,
  0x56,0xae,0xb0,0xde,0x33,0x4c,0x2d,0xea,0x5b,0x37,0x51,0xd4,0x60,0x6d,0xcd,0x6c,
  0x77,0x31,0x44,0xed,0x62,0x32,0xf4,0xef,0xc2,0x7a,0x78,0x3b,0xa3,0x56,0x16,0xa4,
  0x7c,0x5,0x4e,0x89,0x9,0x43,0x8b,0x4e,0x1e,0x68,0x80,0xbb,0xfc,0x19,0xd4,0x8a,
  0xc9,0x5e,0x5a,0x8d,0xd0,0xc9,0xc9,0x9,0x98,0x97,0x39,0x7e,0x44,0xdf,0x82,0x60,
  0xf6,0xce,0x3a,0xe3,0x71,0x47,0x43,0x54,0x48,0x7,0xa7,0x47,0xbd,0xd1,0x99,0x96,
  0x8,0x3b,0xfc,0xcf,0xfe,0x15,0x2c,0x8e,0xe5,0x8c,0x71,0x68,0xfa,0xa3,0x89,0xa6,
  0x1e,0x94,0x2d,0xf,0xfd,0xbb,0xc1,0x8f,0x74,0x6d,0x8,0xfc,0x13,0xd,0x95,0xad,
  0x4c,0xac,0x38,0xdb,0x8c,0xf2,0x1e,0x6,0xd0,0x5a,0xdb,0x8f,0xd8,0xb9,0xb6,0x7f,
  0x5,0x16,0x18,0xc6,0x9e,0x47,0x5e,0xf2,0xe8,0xdc,0x3,0x1,0x1b,0xf9,0xd8,0x2a,
  0xb4,0xb8,0x9e,0x3b,0x76,0x20,0x7a,0xc1,0xf3,0xbc,0xc9,0xf1,0xa9,0xd5,0x13,0xc6,
  0x9c,0xdb,0xa9,0x5b,0xc5,0x6,0x32,0x12,0xe1,0x9e,0x99,0x8,0x2d,0xfd,0xed,0x5b,
  0x73,0x7b,0x3,0x3e,0xa9,0x6d,0x8,0x3e,0xc2,0x98,0xb4,0x47,0x83,0xd1,0x36,0x72,
  0x50,0x6e,0xee,0xe5,0x67,0xe7,0x96,0xf,0x6e,0x7f,0x88,0x5e,0xb7,0x8d,0xec,0xc4,
  0xd2,0xe2,0xad,0xad,0x9d,0x4d,0xa0,0xa5,0x44,0x3b,0xb6,0xb6,0x45,0xea,0x94,0xc7,
  0xb2,0x7a,0x2b,0x17,0x85,0x6a,0x2d,0x1a,0x5a,0x35,0xb4,0xd1,0x7c,0x3e,0x79,0x84,
  0xd0,0x2f,0xc0,0xad,0x5f,0x56,0x8e,0xd6,0x2c,0x59,0x80,0x24,0xfa,0xa9,0x88,0x4e,
  0xd2,0xd1,0x40,0x75,0x94,0x12,0xb7,0x90,0x83,0x9a,0x4c,0xbc,0xe1,0x63,0xca,0x10,
  0x3e,0x60,0x58,0xe4,0x4f,0xe8,0xe,0xa6,0x3,0x81,0x6b,0x6b,0x6e,0x11,0xeb,0xa,
  0xd3,0xf0,0x96,0xda,0xb,0x1f,0x93,0x8d,0xef,0xc6,0xf,0x17,0x38,0x6e,0xd3,0x68,
  0x2a,0xc8,0x94,0x68,0x16,0x13,0xe9,0x32,0x7b,0x83,0x63,0xb4,0xa0,0xf2,0xc5,0x3c,
  0xfb,0x3f,0xf8,0x2f,0x68,0x16,0xfd,0xbc,0x6,0xa1,0x80,0xcb,0xb5,0x17,0x6,0x8c,
  0x10,0x3b,0x9,0x32,0xa8,0x4f,0x8d,0xbe,0x39,0x2,0x7b,0x5d,0xfc,0x7a,0x8e,0xc8,
  0xa2,0xcf,0x79,0x4b,0x5e,0xc7,0xec,0x1e,0x15,0x38,0x82,0x15,0x8b,0x36,0x79,0xc4,
  0x2,0x3d,0x52,0x6f,0x32,0x3c,0x3c,0x3c,0x1c,0xf,0xf,0xbf,0x7,0x57,0x13,0x1c,
  0x82,0x4d,0x73,0xe,0x1f,0xbc,0xc7,0x80,0x67,0x6,0x87,0x56,0x10,0x60,0x12,0x1c,
  0x42,0x9c,0xeb,0xb5,0xd6,0xee,0x2,0xc4,0x94,0xf3,0xcb,0x30,0x7,0x9,0x9b,0xd8,
  0x5,0x95,0x3f,0xea,0xc2,0x87,0x61,0x3f,0xad,0x4b,0x1f,0x3,0xcd,0x7,0x3c,0x2,
  0x62,0x33,0x32,0xb5,0xc9,0x1e,0xd,0x9b,0x64,0x8a,0xb5,0x9f,0x60,0x3e,0x60,0x90,
  0x5d,0xfc,0x44,0x63,0x4e,0x30,0xa9,0x33,0xa6,0x66,0xe9,0x70,0x26,0x6d,0x6a,0x4d,
  0x93,0xdf,0xbb,0xf3,0x9c,0x79,0x94,0x1e,0xed,0x6d,0x88,0x39,0x32,0x66,0x1e,0x9,
  0x86,0x6b,0xd0,0x49,0xc,0x97,0xa9,0x67,0x47,0x5b,0x7b,0x20,0x2f,0xe2,0xb1,0x65,
  0xc6,0xdf,0xbc,0x79,0x7b,0x8d,0xce,0xdf,0x5f,0xdc,0xbc,0xf9,0xeb,0x35,0xba,0xbe,
  0x9c,0x5c,0x9c,0x89,0xa9,0x64,0x7f,0x34,0xe8,0x1c,0xd,0xf2,0x7c,0x9c,0xce,0xef,
  0x39,0x98,0xc0,0x38,0xae,0xa3,0xbe,0x8d,0x96,0xf1,0xdc,0x6e,0xbb,0xc2,0x7a,0x68,
  0x57,0x1,0xd2,0xd0,0x2b,0xd1,0x8a,0x9c,0x43,0x57,0x4b,0xe7,0xe9,0xc6,0x83,0xe,
  0x1b,0x4d,0xf0,0x1,0x53,0x98,0xc8,0xbc,0x61,0x82,0x51,0x11,0x34,0xf7,0xc8,0x34,
  0xda,0x79,0xee,0xdc,0xec,0x3d,0xa7,0x8c,0xed,0xd3,0xcf,0x66,0x84,0xa4,0x30,0x79,
  0x82,0x8b,0xc8,0xed,0x31,0x89,0xde,0x35,0x1b,0x59,0x31,0x62,0x54,0xd,0x3a,0x82,
  0x20,0x1a,0xbd,0xec,0xc,0x64,0xe9,0xbb,0x62,0x9e,0x1,0x9,0xb1,0x7b,0xf5,0x7a,
  0x18,0x83,0xcc,0x7a,0xe4,0xb1,0x4a,0x54,0xde,0x18,0x3f,0x91,0x3c,0x56,0x4b,0xf6,
  0x4b,0x30,0x5f,0x77,0x1,0x1,0x35,0x8d,0xf8,0xf4,0xe3,0x72,0xa7,0x62,0x98,0x66,
  0xb9,0xea,0x67,0xf2,0xae,0xfe,0x64,0x34,0x35,0xb4,0xfc,0x85,0xae,0xa3,0xdc,0xdd,
  0x62,0x31,0x92,0x59,0x7b,0xe1,0xc5,0x6c,0x45,0x4f,0x98,0x88,0xac,0x6d,0x1b,0xed,
  0xd3,0x6e,0x37,0x8f,0xb5,0xdd,0xe7,0x16,0x75,0x79,0x8c,0x10,0xc6,0xa0,0x27,0x6a,
  0xf9,0xef,0x6d,0x3f,0x20,0x8,0x87,0x2b,0x81,0x88,0x47,0x3,0x1e,0x9f,0xc0,0x0,
  0x40,0x89,0x61,0xda,0x2d,0x35,0x9b,0x64,0xee,0x71,0xb0,0xd5,0xca,0x97,0x9f,0x5,
  0x97,0x4a,0x58,0x0,0xf1,0x1c,0x6e,0xe8,0x7,0xa8,0xdd,0x54,0xf6,0x38,0xf9,0x2,
  0x28,0xc6,0xcc,0x46,0x67,0x47,0xf9,0x2b,0xe8,0xb9,0x2d,0x24,0x96,0x6d,0xc1,0xd5,
  0x19,0x62,0x7c,0x34,0x19,0x4c,0xf5,0xe9,0x54,0x53,0x32,0x21,0xf4,0x2a,0x32,0x3b,
  0x74,0xd0,0xd1,0xfd,0x7,0x88,0x14,0xed,0x59,0x66,0xa9,0xe4,0xdb,0xc7,0xd9,0x58,
  0x5c,0x30,0x1b,0x72,0x3c,0x9e,0xcd,0x1c,0xb2,0x11,0x79,0x99,0x94,0x66,0x14,0x52,
  0x71,0x52,0x3d,0x5d,0xd1,0x5e,0xb2,0xcb,0x98,0x15,0x6d,0xbd,0x36,0x2f,0x62,0x7b,
  0x60,0xd6,0x4d,0x78,0xcf,0xc0,0x69,0xb6,0x18,0x82,0x5c,0x60,0xe3,0xb0,0x63,0xd3,
  0x8,0x90,0xb6,0x6c,0x4d,0xe8,0xef,0xab,0x70,0xec,0xf1,0x92,0x9b,0xfd,0xb6,0xde,
  0x19,0xe5,0x29,0x60,0x5b,0xc9,0x32,0x2b,0x8c,0x6f,0x6,0x4a,0xb5,0xf0,0xfc,0x27,
  0xf0,0xe3,0x1a,0x42,0xff,0xf9,0xd7,0xbf,0x11,0xf3,0xe9,0xc9,0xb,0xe0,0xfa,0xb1,
  0x5a,0x9c,0xb2,0x65,0x62,0x2d,0x1b,0xaa,0xd7,0x88,0x47,0x15,0x17,0x9b,0xd5,0x1d,
  0xf6,0x1b,0xc9,0x40,0xac,0x95,0xb7,0x71,0x89,0x18,0x54,0x24,0xf1,0xb5,0x1,0x91,
  0x43,0x62,0x6f,0x46,0x8e,0xbd,0x70,0x57,0x2c,0x9,0x61,0xbc,0x65,0xd7,0x9c,0xb7,
  0x95,0x3c,0x1f,0xf7,0xdb,0xdd,0x7c,0x9e,0x97,0x45,0xc0,0x35,0x64,0xb0,0xae,0x3a,
  0xee,0x25,0x68,0x51,0xce,0x4d,0x53,0xb8,0x74,0x75,0x6a,0x1a,0x35,0x28,0xc9,0x4c,
  0xc1,0x64,0x80,0x6,0x85,0x6f,0xe2,0xa9,0xed,0xb0,0xb9,0x6a,0x23,0xc7,0xd1,0xca,
  0x1b,0x4,0xd8,0xf2,0x67,0xcb,0x9b,0x50,0x30,0xb4,0x92,0xb4,0x17,0xef,0x35,0xe1,
  0x95,0x48,0xdf,0xb3,0xe1,0xe2,0xb9,0x90,0x53,0x67,0xf9,0x9e,0xd7,0x67,0xf6,0xad,
  0x30,0x41,0xf,0x36,0xe,0x41,0x27,0xe8,0xf6,0x43,0xfe,0xb,0x2e,0xc6,0x73,0x70,
  0xd,0x27,0xe8,0x9a,0xf1,0xa0,0x21,0x32,0x8d,0xca,0xfe,0x3b,0xef,0x23,0xf6,0xc7,
  0x56,0x80,0x1b,0xcd,0x7c,0x2,0xbf,0x6c,0x30,0x68,0x73,0xdc,0x3e,0xe1,0x21,0xb4,
  0xf6,0xed,0x55,0xa3,0x92,0xc8,0xbd,0xe7,0xa3,0x6,0xa5,0x64,0x23,0x16,0x9e,0xd9,
  0xe8,0x9b,0x98,0xc1,0x3c,0x72,0x3b,0x46,0xaf,0x5e,0xd9,0xcd,0x22,0xf4,0x99,0xad,
  0x88,0x4b,0xd8,0x28,0xa2,0x86,0xb7,0xf6,0x87,0xe2,0x97,0x63,0x1b,0x14,0x8f,0x9a,
  0x35,0x8f,0x6d,0x53,0xb3,0xb8,0xa9,0xeb,0xf9,0x2b,0xcb,0x1,0xfd,0x9c,0x43,0xe3,
  0xe8,0xfd,0xaa,0x19,0x46,0x8d,0x99,0x6d,0x4e,0x77,0xca,0x6e,0x36,0x55,0x49,0xb8,
  0x1e,0xc9,0x50,0x60,0xf7,0x7e,0xfb,0xd,0x44,0x56,0x99,0xc,0x35,0xb2,0x69,0x32,
  0xf4,0x9e,0x32,0x81,0x95,0x45,0x66,0x4b,0x1c,0x84,0x72,0x2,0x94,0x22,0x31,0x82,
  0x8,0x5b,0xb3,0x32,0x8a,0x26,0xfe,0xc1,0x40,0x45,0x26,0x9e,0x44,0x6d,0x4b,0x5b,
  0x34,0x44,0xfa,0x10,0x3b,0x3e,0x60,0x47,0x43,0x7f,0xf9,0xb,0xdc,0x97,0x49,0xc5,
  0xcf,0xb2,0xbd,0xd0,0x47,0x6e,0x40,0xb7,0x7d,0xb5,0x66,0x53,0xbd,0xb3,0x60,0xe9,
  0xad,0xd7,0xc0,0x24,0xd6,0x5d,0x9a,0x64,0xfc,0xb0,0x6,0x41,0x8f,0x2c,0xb1,0x9f,
  0x4b,0x2d,0x7c,0x52,0x83,0xd4,0xbd,0xe7,0xcd,0x73,0x29,0xb1,0x7,0xd5,0xab,0xf7,
  0x1d,0x57,0x5d,0xae,0xc2,0xb4,0x65,0xf9,0xc2,0x31,0x59,0x6d,0x31,0x64,0xf9,0xfd,
  0x7d,0x83,0x35,0x6b,0xa2,0x3f,0x41,0xbb,0xd7,0x86,0xe2,0x82,0x6f,0xd5,0x98,0x6c,
  0xd3,0x27,0x15,0xe7,0x3a,0xcd,0xec,0x7b,0xd4,0x90,0xa5,0x1a,0x18,0x2b,0x32,0xaa,
  0x59,0xb6,0xfb,0x15,0xda,0xd9,0x10,0xc3,0x65,0xea,0xd4,0xdc,0x25,0xf9,0xe0,0xde,
  0x23,0x24,0x5a,0x17,0x80,0x2f,0xca,0x6b,0x7,0x62,0xa,0xde,0x35,0xc6,0xed,0xae,
  0xa6,0x0,0x64,0x2a,0xc6,0xc7,0x14,0x4a,0xd9,0x36,0xd0,0xed,0xa8,0xc0,0x88,0xa3,
  0x2c,0x90,0x50,0x8,0x1d,0x76,0x94,0x83,0x55,0xb9,0x8f,0xc9,0x3,0xd5,0x3,0x66,
  0x27,0xa8,0x1b,0xf4,0x5c,0x86,0x58,0x42,0xd8,0x82,0x58,0xfd,0x81,0x94,0xab,0x9e,
  0xe,0x4e,0xcd,0xf1,0x38,0x37,0x6c,0x7b,0x21,0x78,0xc7,0xe8,0xbe,0x38,0xbc,0x33,
  0xb5,0xb1,0x33,0xe7,0xe5,0x12,0x51,0x1c,0x76,0xcd,0x1c,0x7e,0x5,0xaa,0xd2,0x1,
  0xf1,0x60,0x3c,0x5c,0xc2,0x92,0x60,0x9f,0x87,0x58,0x61,0x53,0x11,0x23,0xa2,0x23,
  0xbf,0xb4,0xe6,0x73,0x3e,0x8a,0x63,0x16,0xe9,0x2c,0x7c,0x8,0xc4,0xa1,0x47,0x51,
  0xd6,0xe3,0x8c,0xd5,0x54,0xc8,0x90,0xcd,0x49,0x6f,0x32,0xa5,0xc8,0xbd,0xe7,0xd2,
  0x9e,0xc7,0x4b,0xa0,0x82,0x53,0xa1,0x64,0x2b,0x9,0x5c,0xc0,0x22,0x52,0x81,0xc8,
  0x45,0x5,0xd8,0x5e,0x7a,0xcc,0xa7,0x81,0xea,0xe,0xfa,0x2d,0x8b,0x3e,0xf,0x90,
  0x36,0xa5,0x96,0x19,0xfe,0xbd,0x9,0xfd,0x14,0xfc,0xba,0x8e,0x7c,0x8,0xfc,0x7e,
  0xcf,0x3c,0xc0,0x87,0x5a,0xb9,0x7c,0x18,0x30,0xb2,0xfc,0xc2,0x5e,0xad,0x1d,0x7b,
  0x66,0x13,0x56,0x78,0x4,0x29,0xd,0x55,0xca,0x38,0xcd,0x17,0x61,0x85,0x5e,0xcc,
  0x34,0x89,0x5,0x62,0xec,0xc7,0xdc,0x41,0x9c,0xc,0xb1,0x2d,0xd2,0x68,0x7,0x44,
  0x0,0x7,0x94,0x52,0x40,0x2a,0x2d,0xc9,0x28,0x8f,0xd3,0x29,0xe1,0x36,0x63,0x9,
  0x97,0x9a,0x8d,0xa4,0x7b,0xd6,0x35,0xfb,0xb5,0xf3,0x27,0x95,0x7d,0xbc,0xad,0xf7,
  0xf4,0x4a,0x26,0x22,0x4c,0xe3,0x39,0x60,0xe3,0x7a,0x2e,0x41,0x4,0x7b,0x22,0x1d,
  0x29,0x71,0x9,0x31,0xd6,0x2a,0xcd,0x2f,0x9d,0xb0,0xa8,0x80,0xad,0x60,0xc5,0x62,
  0x2d,0xa7,0x25,0x33,0xd5,0xa,0x95,0x99,0x52,0x57,0x80,0xb0,0xba,0x9d,0x5c,0xd9,
  0xce,0x81,0xb0,0x6a,0x6c,0x33,0xbf,0xc,0x26,0xa5,0x8c,0xec,0x16,0x43,0x33,0xfd,
  0xe7,0x44,0x76,0x53,0xe,0x92,0xaf,0x31,0x85,0x76,0x11,0x2c,0x20,0x2c,0x86,0xe3,
  0x20,0x88,0x82,0x3f,0xa2,0xcd,0x1a,0x96,0xc3,0xc7,0x2f,0x8c,0xe7,0x96,0xbb,0x55,
  0x5a,0xb6,0x13,0x96,0x47,0xd6,0xdb,0x37,0xe9,0xeb,0xb5,0x41,0x4f,0xb3,0xb3,0xd,
  0x36,0x23,0xb6,0x2a,0x28,0xfb,0xca,0xaf,0x68,0xa0,0xd,0xb9,0x6b,0x29,0x55,0x46,
  0x51,0xb5,0x60,0x61,0x1c,0x7b,0x1d,0x4a,0x48,0x96,0x93,0x40,0xb,0x2f,0xc0,0x69,
  0xd,0xf3,0x94,0x2d,0x62,0x64,0xeb,0x81,0xfe,0x2f,0x65,0x46,0x8e,0xf4,0x9a,0x80,
  0x75,0x67,0xd2,0x9f,0x14,0xb9,0x8e,0x3c,0xb0,0x5a,0xd8,0xcb,0xa6,0xbf,0xf3,0x5c,
  0xff,0xff,0x1f,0x58,0xbd,0x35,0x50,0xbd,0x95,0x20,0x4a,0xb1,0x64,0xdd,0xf8,0xbd,
  0xad,0x88,0xb5,0x66,0x40,0xea,0xad,0x70,0xe7,0x5a,0xd8,0xb6,0x32,0xe,0xfc,0x1c,
  0x0,0xb5,0xa1,0xd0,0x7b,0xec,0x53,0x39,0x14,0x93,0x74,0x23,0xa1,0x3a,0xc,0x48,
  0x63,0xe9,0xab,0xa6,0x45,0x1,0x94,0x42,0xb,0xd5,0xfd,0xfe,0x3d,0x70,0x54,0xc9,
  0x7f,0x6c,0x7,0xb6,0x9b,0x2f,0x1,0xb6,0xb7,0xbf,0x1c,0xb0,0x7d,0xf,0xa8,0x7a,
  0xaa,0xb8,0xbb,0x1a,0x55,0x8f,0x1a,0x54,0xd4,0x7b,0x45,0xca,0xc1,0xa,0x2e,0x6a,
  0xc1,0xdf,0x63,0xa9,0x65,0x5,0x8,0xce,0x8a,0x74,0xa9,0x5c,0xc,0x33,0xb8,0xb5,
  0xfc,0x1e,0x5d,0xd7,0x73,0xb,0x9c,0x5a,0xe3,0x13,0xcf,0xad,0x58,0x5,0xfa,0x51,
  0xbf,0x6d,0xf4,0x84,0x34,0x8b,0xd9,0x62,0xfd,0xf4,0x68,0x60,0x48,0x19,0x17,0xdb,
  0x31,0x3f,0x1d,0x98,0xd3,0x5e,0x92,0x7c,0x31,0x67,0x62,0x18,0x67,0x9d,0x1,0x4,
  0xc3,0xcd,0x82,0xbe,0x21,0xf,0x70,0xd0,0xca,0x7a,0x8c,0x26,0x35,0x62,0xd2,0xbb,
  0x23,0x54,0xbf,0x84,0x5,0xc0,0x1,0xcd,0x3e,0x75,0x35,0x90,0x5c,0x5e,0xc,0x9,
  0x2a,0xcf,0x57,0xc6,0xa4,0x87,0x73,0x8b,0x2c,0x21,0xf7,0x7f,0x6c,0xf0,0x5b,0x7,
  0x91,0x46,0xca,0x34,0x6f,0xed,0xf,0x91,0x66,0x36,0xb,0x51,0x2a,0x4e,0xa2,0x34,
  0x12,0xbb,0xdf,0xb8,0xc,0x50,0x81,0x36,0xf7,0x3e,0xe,0x96,0xe3,0x68,0x81,0x1b,
  0xb9,0xa8,0x1a,0x87,0xa8,0xad,0x92,0x7d,0xb,0x42,0x7,0xf8,0x8c,0xbc,0xa,0xe9,
  0xbf,0x3a,0xa9,0x64,0x4c,0xce,0x87,0x1,0xf7,0xa8,0x11,0x36,0xff,0x6,0xfa,0x2f,
  0x84,0xd,0x63,0x21,0x87,0x51,0xd2,0xc9,0xe6,0xbf,0x15,0x32,0x59,0x29,0xf1,0x63,
  0xf3,0x56,0x9b,0x73,0xd9,0x56,0x4a,0x38,0x2f,0xb4,0xcd,0xcc,0xa3,0xd9,0x73,0x12,
  0xe1,0xf4,0x21,0x56,0x22,0xb6,0xbb,0x29,0x0,0xf8,0xe9,0xcc,0x43,0xd8,0xb4,0x4,
  0x5d,0xe5,0x35,0xf6,0xdc,0xe3,0x65,0x7,0x14,0x6f,0xdc,0x1c,0x14,0xd3,0x78,0xb0,
  0x9c,0xd,0xcd,0x5d,0xd9,0xd0,0x4a,0xde,0xe3,0xbe,0x22,0x32,0x2d,0xb7,0xd5,0x9d,
  0x7e,0x60,0x4e,0x37,0xaa,0x20,0x2f,0x70,0x8f,0x4d,0xa5,0x25,0x2c,0x97,0x89,0xc,
  0x6a,0xc8,0xad,0x7f,0xcb,0x73,0xe9,0x6f,0x7,0x13,0x8a,0x3e,0x64,0x55,0x4c,0x6e,
  0x6,0x2f,0x4b,0x73,0x89,0xe1,0xb0,0xaa,0x86,0x7f,0x18,0xac,0x39,0xfe,0x26,0xe4,
  0x19,0xb1,0xe6,0x11,0x64,0x63,0x18,0xb4,0x8d,0x66,0x54,0xc8,0xbb,0xf,0x8b,0xa5,
  0x58,0x65,0x2f,0xdd,0x89,0x5e,0x5b,0xb4,0xf6,0xd2,0xd,0xfe,0xd8,0x90,0xb3,0x7a,
  0x25,0xb8,0xa9,0xd7,0x2c,0xda,0x2b,0xcb,0x41,0x33,0xac,0x91,0x81,0xbe,0xec,0x3c,
  0x74,0x71,0x1e,0xa6,0x6a,0xe5,0xc9,0x75,0xb4,0xd8,0x77,0x4f,0xb1,0xa9,0x56,0x43,
  0x7c,0x7a,0xb5,0x8a,0x71,0x52,0x55,0xc1,0x4b,0x3b,0xa0,0xe5,0xd8,0x64,0xa9,0x88,
  0xd4,0x94,0x91,0xce,0x2,0xdd,0x62,0x1c,0xd9,0x92,0x6d,0x66,0x39,0xc0,0x1a,0x22,
  0xeb,0xb9,0xab,0x9c,0xf0,0x56,0x2f,0xa7,0xa1,0x90,0xd5,0xc5,0x59,0xc5,0x40,0x2c,
  0x75,0xeb,0xf6,0x7a,0x7a,0xbf,0xfe,0xf4,0xf3,0xe4,0x94,0x6,0xd3,0x77,0x96,0x7f,
  0x43,0xeb,0x1b,0x73,0x13,0x2b,0xf4,0x1a,0xa8,0x76,0x85,0x52,0xf3,0x44,0x72,0x3b,
  0x22,0xa0,0x31,0x99,0x9c,0x4e,0x47,0x5a,0x75,0xe7,0x5,0x8a,0x22,0x2d,0x44,0x26,
  0x54,0x45,0x7f,0x47,0x3a,0xfa,0x56,0x1e,0xd7,0xdf,0xa,0xb3,0x32,0x74,0x58,0x45,
  0x8e,0x7d,0x59,0x91,0xfb,0xa9,0x5a,0xfe,0xec,0xe2,0x8f,0x29,0xaa,0xe7,0xf7,0xb9,
  0xe6,0x9a,0x6b,0x75,0x52,0xcc,0x5d,0xb3,0xf8,0x8a,0x1,0xbe,0xc,0x8e,0x6f,0x76,
  0xcd,0xdf,0xd1,0xfa,0x51,0x6b,0xa4,0xa4,0xa1,0xb9,0x50,0x32,0x9a,0xdb,0xb4,0xf8,
  0xea,0x6e,0x43,0xb3,0x83,0xe7,0xb0,0x7e,0xf2,0xd7,0xaf,0x35,0xf0,0x7f,0x25,0x8b,
  0xce,0x18,0x66,0xb9,0xf,0x56,0xc0,0x55,0x7f,0x6d,0xe3,0xf0,0x3a,0x81,0x2f,0xba,
  0x82,0x6a,0xb0,0xb,0xcf,0xbd,0xb4,0xec,0x82,0x74,0x31,0xb7,0x5c,0x89,0x3c,0x42,
  0x38,0x48,0x73,0x68,0x9a,0xcd,0x3f,0x92,0x86,0x66,0xce,0xcb,0xca,0x44,0xa4,0xb6,
  0x6c,0x36,0xff,0x84,0xf6,0xd1,0x37,0xa5,0x66,0x9d,0x86,0x3f,0x41,0xc3,0x70,0xec,
  0xea,0x2d,0x43,0x49,0x8c,0x93,0x4c,0xdb,0x6d,0xb0,0xae,0xf,0x38,0xa1,0x26,0x18,
  0x1a,0xbd,0xd5,0xee,0xa8,0x11,0x63,0xd5,0xe2,0x23,0xa6,0x5,0x27,0xe8,0x35,0xa3,
  0x78,0xf9,0x56,0x6d,0x2c,0xc0,0xb6,0x16,0x8b,0xb1,0xa8,0x22,0xd1,0xd2,0x6c,0xf8,
  0x4f,0x1e,0x89,0xda,0x10,0x4a,0x32,0x4d,0x95,0xcc,0x53,0xf6,0x88,0x51,0x6c,0xad,
  0x90,0x81,0x56,0x65,0xa4,0xf9,0x84,0x69,0x66,0xc2,0x52,0x1d,0x5,0xaa,0x8a,0x89,
  0x6a,0x1e,0x63,0xef,0x30,0x3b,0x50,0x81,0x2c,0x1b,0x4d,0xf5,0x46,0x96,0x3f,0x6b,
  0x70,0x81,0x3c,0x88,0x4,0xec,0x80,0xcb,0xb,0x5b,0x1e,0x13,0x64,0x83,0xaf,0x71,
  0xd,0xb2,0x21,0xe8,0x7e,0x4d,0x9e,0x98,0x90,0x54,0x98,0xb7,0x3c,0x2,0x8e,0xed,
  0xe2,0x70,0xcf,0xfc,0x44,0x45,0xb0,0xe4,0x7e,0xeb,0x30,0x80,0x9a,0xd2,0x64,0x9c,
  0xf1,0x69,0x1e,0x75,0x9a,0xab,0x76,0x57,0x84,0x1b,0x6c,0xe1,0x5e,0xd3,0xb8,0x82,
  0x82,0x44,0xab,0x8a,0x12,0x53,0x71,0xfa,0xe9,0x4,0xfb,0x60,0xb9,0x40,0x9e,0xd5,
  0x49,0x41,0x40,0x1d,0xd9,0xa,0xc1,0x70,0xbc,0x42,0xd,0xae,0x32,0xac,0x2b,0xae,
  0x1e,0x60,0x44,0x98,0xec,0x53,0x7b,0x24,0xc8,0xdd,0x33,0xab,0xc0,0xca,0x7b,0xc0,
  0x37,0x5e,0x46,0xb,0xf6,0xa6,0x44,0xc9,0xb4,0xf,0x62,0x6e,0xd4,0x20,0x3e,0x73,
  0xbc,0x0,0xd7,0x9d,0x93,0x28,0xd5,0x21,0x87,0x99,0x17,0x7f,0x1e,0xb9,0xde,0x59,
  0x5f,0x5,0xfd,0x63,0x7f,0xda,0x73,0x29,0xbc,0xe4,0xba,0xa2,0xb5,0xd8,0x8b,0x42,
  0xd6,0x96,0xbe,0x2a,0xb9,0x61,0x2e,0xb9,0xbb,0x85,0x9,0xce,0x31,0x6a,0xaa,0x4c,
  0x55,0x5d,0xf8,0xa,0x7e,0x14,0x82,0x60,0xbf,0x6c,0x70,0x40,0x58,0xa0,0x55,0xd5,
  0x83,0xe7,0x32,0x61,0x12,0x70,0xb0,0x3a,0x6d,0xc3,0x23,0x9d,0xb6,0x6a,0x5c,0x39,
  0x35,0x1e,0x89,0xc7,0xa1,0x68,0x4f,0x25,0x17,0x2d,0x4f,0xc9,0x23,0xbb,0xaa,0x98,
  0x58,0xca,0xf5,0x6e,0x3d,0xb5,0x56,0x5,0xd9,0x8b,0x21,0x6,0xc2,0x2,0x60,0xd3,
  0x8e,0xc3,0x7e,0x21,0x5f,0xa7,0x37,0xf6,0xf4,0xe1,0x4a,0xd,0x98,0x80,0x1,0xcd,
  0x6c,0xe7,0x97,0x6e,0xfc,0x16,0x65,0x92,0xa1,0x3,0xc9,0x4f,0x24,0x8b,0xa1,0x4,
  0x5d,0x75,0x7c,0x7b,0x4d,0x8a,0xe3,0xd,0xe6,0x52,0xaf,0x1d,0x55,0x6b,0x9,0x5f,
  0x6f,0x46,0x5f,0x52,0xb0,0x6f,0x36,0x31,0x46,0x16,0xcd,0x6d,0x42,0x80,0x5a,0xb1,
  0xc8,0x47,0xff,0xe2,0x33,0xe7,0x23,0xb1,0x70,0x6c,0x90,0x2d,0x27,0xd9,0xfd,0xa3,
  0xde,0x8e,0x62,0x3e,0x5c,0xb1,0x91,0x5a,0x2,0xab,0x49,0x2b,0x48,0x6b,0x23,0x2f,
  0xbc,0x4,0x47,0x66,0x9b,0x68,0xb4,0x92,0xc,0xd,0x73,0xbe,0x45,0x1a,0x53,0x40,
  0xa4,0xd1,0x64,0xf2,0x1e,0x2f,0xb7,0x8f,0x67,0x14,0x2e,0x98,0x6b,0xd2,0x27,0xf4,
  0x51,0x21,0x4b,0x66,0x91,0x3b,0x2f,0xfa,0x5d,0xf1,0x1e,0xd9,0x94,0x27,0xe3,0x6b,
  0xec,0x7,0x9e,0x6b,0x39,0x76,0x80,0xe7,0x30,0x17,0xe8,0x27,0x68,0xb1,0x2a,0xd3,
  0x71,0x78,0xb2,0x4e,0x8,0x9c,0xe,0xd1,0x96,0x7,0x11,0xf4,0x7b,0xbd,0xf1,0x91,
  0xf1,0xfb,0x7f,0xdf,0xbc,0x4d,0x45,0x81,0x7c,0x3a,0x5c,0x79,0x41,0x81,0xfa,0x46,
  0xd1,0x51,0x6f,0xab,0x8d,0xa2,0x1d,0x4e,0xb,0x52,0x2e,0xaf,0xab,0x72,0x7a,0x79,
  0x35,0xa9,0x42,0xa5,0x5a,0x57,0xc0,0x75,0xcd,0x23,0x61,0x96,0x47,0xed,0x71,0x77,
  0x7a,0xb6,0xa7,0x9a,0x54,0x7e,0x6,0x59,0xaa,0xec,0x8c,0x9f,0x6c,0xb3,0x73,0x3d,
  0xaa,0x62,0x75,0x7,0x3f,0x76,0x8a,0x1e,0x52,0x73,0x1,0xc3,0x6a,0x88,0x32,0x5f,
  0xb8,0x6f,0xa6,0x3f,0x97,0xdd,0x50,0xdc,0xf6,0xe2,0x4b,0x16,0x63,0x54,0x29,0x88,
  0xbe,0x33,0x38,0x40,0x5d,0x5d,0x6f,0xee,0x74,0x42,0x95,0x52,0xb1,0x29,0xf5,0x3b,
  0x9,0xd6,0xd8,0xd9,0xc1,0x9b,0xd,0xa,0xbc,0xd9,0x7e,0x60,0x60,0xd5,0x82,0xca,
  0xc1,0xde,0x37,0x67,0xf7,0x20,0x97,0x93,0x95,0x65,0x3b,0x92,0x60,0x96,0x1c,0x95,
  0xd1,0xd9,0x61,0x7b,0xed,0x92,0x7b,0x10,0x64,0xcd,0x66,0xd4,0xbb,0xee,0xb8,0xc9,
  0xa6,0x16,0xef,0xa4,0x76,0x96,0xc7,0xe3,0xf7,0xdf,0x5f,0xdc,0x88,0x3d,0xf7,0x7a,
  0x7d,0x7d,0xd0,0x2f,0x3b,0xec,0x47,0x54,0xc3,0xdc,0xd3,0x7f,0x76,0x8a,0xb3,0x7a,
  0x7a,0x7e,0x81,0xfe,0x56,0x92,0x99,0xda,0x47,0x98,0xdb,0x24,0x72,0x4e,0x5b,0x94,
  0xff,0xd6,0x97,0x56,0x85,0x1d,0x8a,0x6d,0x6b,0x2,0xce,0x2d,0x17,0x2,0x17,0x6d,
  0xab,0xc2,0xc3,0x1d,0x26,0x52,0x1c,0xdc,0x41,0x58,0xb2,0xd3,0x61,0x76,0x74,0x71,
  0xf8,0xb9,0x98,0xd1,0x69,0x76,0xfb,0xe,0xe1,0x3b,0x45,0x15,0xe1,0xd3,0xe9,0xd4,
  0x98,0xb6,0x73,0x84,0x6b,0xda,0x1e,0x8f,0xcf,0xda,0x4a,0xc2,0x75,0x85,0x3,0x1c,
  0x1f,0x5e,0x23,0x95,0x62,0xf4,0xcd,0x41,0xc7,0xac,0x1b,0xf,0xab,0x7e,0x74,0x54,
  0x8b,0xe7,0xf4,0x20,0xb7,0x28,0xa0,0x3f,0xb3,0x2d,0xc7,0x5b,0xb4,0x3c,0xb8,0xc8,
  0x56,0x58,0x7e,0xd1,0x9c,0xa6,0x7,0x2e,0x23,0x6f,0x43,0xbe,0x50,0x26,0xd3,0xb3,
  0xa1,0xdf,0x6f,0x48,0x5d,0xfe,0xa6,0x2e,0xc3,0xe6,0x7c,0xa7,0x30,0xbb,0x6e,0xec,
  0x93,0xe,0xcb,0xa9,0x9a,0xd0,0x71,0x72,0x8a,0x8f,0x9e,0x9c,0x18,0x2e,0x8b,0x6a,
  0x4e,0x65,0x59,0x18,0xb8,0x87,0x27,0x7e,0x67,0x91,0x25,0x6a,0x95,0xd7,0xd1,0x27,
  0x59,0xa6,0x5e,0xba,0x64,0xf9,0x45,0xd,0x9d,0x4,0x3e,0x8,0xc7,0x62,0x39,0x4e,
  0x92,0x60,0xd1,0x3d,0x4,0x42,0x4b,0x4f,0xb8,0x5f,0xfc,0x16,0xdd,0x84,0x57,0xac,
  0x2a,0x74,0x66,0xb9,0xae,0x47,0xd0,0x1d,0x46,0x1b,0x77,0xe,0xe9,0x7,0x5,0x18,
  0x3e,0xfa,0xd6,0x3a,0x3c,0xb1,0x90,0x95,0x73,0xff,0x8,0x97,0x4a,0x7,0x5d,0x75,
  0xa,0xcf,0xfc,0x93,0x76,0x82,0x73,0x4d,0xab,0xd2,0x3e,0xf6,0xe9,0x6,0x52,0x5,
  0x37,0x11,0xdd,0x31,0x90,0xc4,0x8e,0x56,0xa5,0x94,0xc,0x5a,0xcf,0x97,0x9a,0x22,
  0xca,0x8c,0x8f,0x32,0xe1,0x4f,0x25,0xa4,0x8f,0xe3,0xc8,0x47,0x7c,0x27,0xa0,0xf,
  0x3e,0xef,0xed,0x24,0x3a,0x49,0x86,0x25,0xb5,0xd8,0x49,0x7c,0x63,0xfd,0xff,0x7d,
  0x25,0xf7,0xcc,0x63,0x9f,0xb6,0xd1,0xfa,0x6e,0xe7,0x9,0x7d,0xb4,0xc0,0x7c,0x50,
  0x68,0x80,0xf,0x8e,0xd6,0xe9,0x49,0x42,0xfc,0xbf,0x2e,0xa6,0xb2,0x59,0xdb,0x42,
  0x42,0x5,0xb3,0x2d,0x9,0x69,0x2e,0xe1,0x44,0x3e,0xe9,0x89,0xa5,0x1b,0x42,0xef,
  0x24,0x11,0x3,0x3f,0xe4,0xbf,0xa1,0xc5,0x67,0xf5,0x97,0x85,0xc,0x3b,0x0,0x1d,
  0xf0,0xdf,0x7f,0x1,0x24,0x57,0x90,0x59,
    // AddExpense.qml
  0x0,0x0,0x5,0x85,
  0x0,
  0x0,0x14,0x66,0x78,0xda,0xc5,0x58,0xeb,0x6f,0x9b,0x48,0x10,0xff,0x5e,0xa9,0xff,
  0xc3,0x1e,0xf7,0x25,0x91,0x52,0x84,0x31,0x7e,0xc4,0xa8,0x3a,0x39,0x4,0xda,0xe8,
  0xea,0xa4,0xad,0x7d,0x2f,0x9d,0xee,0xc3,0x1a,0x36,0xf6,0xaa,0xb,0x8b,0x96,0xc5,
  0x49,0xfa,0xf8,0xdf,0x6f,0x58,0xde,0x6,0x37,0x4e,0xaf,0xea,0xa1,0x28,0x66,0x87,
  0x9d,0x99,0xdf,0x3c,0x77,0x80,0x86,0x31,0x17,0x12,0xbd,0x93,0xef,0x52,0xea,0x7f,
  0x40,0xa6,0x3e,0x18,0x3d,0x7f,0x46,0x5b,0x44,0xdd,0xe1,0x91,0x14,0x9c,0x25,0xc5,
  0xd3,0xe7,0xcf,0xde,0x13,0x5f,0xe2,0x68,0xc3,0x8,0xfa,0xf4,0xfc,0x19,0x82,0xb,
  0x47,0xfe,0x96,0x8b,0x44,0xbf,0xa5,0x8c,0xcd,0x50,0x8c,0x5,0x89,0xa4,0x8d,0x7c,
  0xce,0xb8,0x98,0x21,0xed,0x67,0x6f,0xe4,0x4d,0xbc,0xb,0x2d,0xdf,0xdb,0x60,0x46,
  0x77,0x34,0x90,0xdb,0x92,0x41,0x57,0x2b,0x1b,0x6d,0x9,0xdd,0x6c,0xe5,0xc,0xd,
  0xc,0xab,0x21,0x63,0x30,0x1a,0x38,0xc3,0x51,0x21,0x43,0xc9,0xe1,0x77,0x20,0xa1,
  0xd4,0xcc,0xc8,0xad,0xac,0x4,0x65,0xb,0xbb,0xf5,0x68,0x81,0xc5,0x86,0x46,0x33,
  0x64,0x8e,0x6b,0xfa,0x8e,0x8,0x49,0x7d,0xcc,0x1c,0x60,0x21,0xa2,0x62,0x6e,0x93,
  0x6d,0x94,0xc4,0xd8,0xa7,0xd1,0x6,0xf0,0x8c,0x6a,0xe5,0xd9,0xb5,0x22,0xf7,0x12,
  0x10,0x48,0xf8,0x1,0x80,0x17,0xd8,0xff,0xa0,0x35,0xf0,0x3a,0xe7,0x8e,0x75,0xe9,
  0x1,0xe5,0x16,0xbc,0xa7,0xc7,0xf4,0x9e,0xb0,0x25,0xfd,0x48,0x40,0xcc,0xd0,0x46,
  0xb,0x9e,0x26,0x64,0x2e,0x8,0x6e,0x58,0xd0,0xf6,0x1d,0x8f,0x1c,0x6,0xbe,0x27,
  0xc1,0xc,0x25,0x12,0x44,0xff,0x4e,0xc9,0x9d,0x1e,0xf3,0xf8,0xe4,0x14,0x7d,0x41,
  0x5f,0xda,0x40,0x7a,0x3c,0x3a,0xa8,0xdd,0x68,0x1a,0xd,0x54,0x23,0x77,0x34,0x9a,
  0xcc,0xb5,0x7d,0x9,0xe,0x67,0x69,0x18,0x1,0x7b,0x65,0xec,0xb0,0xbd,0xa1,0x6b,
  0xef,0x3c,0x8,0x10,0xb9,0x8f,0x49,0x94,0x90,0x86,0xd9,0x77,0x5b,0x2a,0x49,0x8f,
  0xd1,0xa6,0x55,0xd0,0xd6,0x9c,0x81,0x49,0x52,0xa4,0x64,0x1f,0x43,0x57,0xc5,0xaf,
  0x84,0xc4,0xe8,0x81,0xa7,0x2,0x60,0x91,0x28,0x0,0x5c,0x48,0x10,0x9f,0x8b,0x0,
  0xa5,0x31,0x92,0x1c,0x5,0x58,0x12,0xbd,0xe9,0xf3,0x8b,0xe9,0x85,0xe9,0x38,0x7d,
  0x3e,0x37,0xf7,0xb5,0x35,0x96,0xc5,0x6d,0xf1,0xb3,0xf4,0x21,0xd5,0x59,0xe6,0xee,
  0x32,0xb9,0xb3,0x8b,0x2,0xe8,0xc2,0xda,0x7c,0x43,0xfd,0xa8,0x8c,0x9f,0xe4,0x71,
  0x95,0x43,0x70,0x6f,0x37,0x1f,0x94,0xe9,0xa7,0x52,0xba,0xa4,0xaf,0xb9,0x94,0x3c,
  0xac,0x78,0xf2,0xa5,0xdd,0x5f,0x13,0x3e,0xa3,0x71,0xee,0xb6,0x5a,0xb1,0xf,0x46,
  0xc2,0x96,0x3f,0xf2,0xfd,0x78,0x87,0x29,0xc3,0x6b,0x46,0xd4,0xba,0xde,0x55,0x85,
  0xb6,0x90,0xbb,0xc0,0x72,0xab,0x87,0x34,0x3a,0x69,0x99,0xa3,0xb7,0xd9,0xd1,0xb,
  0x64,0x4d,0xcf,0xd0,0xc8,0x32,0x4e,0x6b,0xbc,0xf0,0x8f,0x7e,0x4,0x9d,0x9d,0x8a,
  0xd9,0x7f,0x60,0x43,0x70,0xe2,0xb7,0x38,0x8,0x54,0x26,0x99,0x53,0x1b,0xe5,0xb6,
  0x55,0xa4,0xa1,0xd1,0x2c,0x2b,0xeb,0xd1,0x6c,0xee,0xef,0xf,0x13,0xf0,0xa5,0xc0,
  0x1,0x4d,0x13,0x10,0x32,0x6e,0xa4,0x81,0xeb,0xba,0x17,0xde,0x5c,0xeb,0xa6,0x57,
  0xbb,0x65,0xb4,0xb,0xae,0xa4,0x86,0x2a,0x54,0x85,0xc8,0x1a,0xa4,0xd9,0x95,0x76,
  0x0,0xac,0x65,0xd4,0x10,0xb3,0xfb,0xa,0xa2,0xd9,0x80,0x38,0xbe,0xb4,0x1c,0xc7,
  0xd2,0x9e,0xdc,0x8c,0xae,0xf1,0xee,0xa,0xe2,0xe,0xda,0x22,0x1c,0x42,0x62,0x6b,
  0x31,0x4b,0x13,0x10,0x93,0x40,0x83,0xfe,0x40,0x9c,0xbd,0x2a,0x2c,0x85,0xfb,0x8a,
  0xfb,0x2a,0x2a,0xc5,0x76,0x5b,0x48,0x27,0x5b,0xbe,0xb5,0x49,0xe,0xfb,0xe5,0x76,
  0x8b,0xfb,0x1a,0xa,0x4c,0xa,0x1c,0x25,0xd8,0x97,0x94,0x47,0xcd,0x32,0x36,0xcf,
  0x4d,0xc3,0xb2,0xfa,0xca,0xf8,0xb8,0x2e,0xd2,0xaf,0xd0,0xcd,0x90,0x22,0xb9,0x25,
  0x28,0x20,0x12,0x92,0x3d,0x41,0x6b,0xc2,0xf8,0x5d,0xab,0x81,0x4c,0xc6,0x63,0xe7,
  0x7c,0xd0,0xa7,0x79,0x70,0x48,0x51,0xf,0xf9,0x70,0xab,0xe9,0x41,0xf5,0xe7,0x5b,
  0xf7,0x7a,0xe9,0xa2,0x4b,0x77,0x35,0xbf,0x7a,0xb3,0x6c,0x82,0x19,0x8f,0x27,0xc6,
  0x74,0xd2,0x7,0xc6,0xe8,0xb8,0xa1,0x20,0x30,0x22,0xc1,0xc8,0x65,0x95,0xb5,0xfa,
  0xa0,0x5d,0x8b,0xe3,0x23,0x8e,0x8e,0xfe,0x62,0x1b,0x8e,0x9b,0xa9,0x3c,0xed,0x76,
  0xfc,0x35,0xf4,0x65,0x22,0xf4,0xba,0x8,0x2d,0x77,0xe2,0x7a,0x3d,0x45,0xd8,0x49,
  0xb1,0x47,0xea,0xd0,0x6c,0x36,0x8b,0xf3,0xfe,0x20,0xb4,0x7d,0xba,0xba,0x5a,0xbd,
  0x71,0xbf,0xb3,0x27,0xf,0x85,0x3f,0xd3,0xec,0x51,0xc2,0x2,0x50,0x9f,0x1d,0x12,
  0x92,0x4a,0x46,0x14,0xc1,0xfe,0xba,0x43,0xb3,0xd6,0x10,0x33,0xec,0x93,0x2d,0xa8,
  0x26,0x62,0x95,0x43,0x27,0xfa,0x46,0x47,0xaf,0x4,0xf7,0x89,0xa0,0x24,0x2b,0xec,
  0x35,0x9c,0xfd,0x1b,0xc1,0xd3,0x8,0x64,0x37,0x83,0x55,0x86,0xe2,0xbc,0x39,0x66,
  0x4d,0xbc,0xa9,0xe7,0x74,0x62,0x51,0x43,0xd2,0xb3,0x5a,0xdb,0x11,0x8f,0xfb,0x69,
  0x82,0x7e,0xc9,0x86,0x2a,0x77,0x38,0x9f,0xc2,0x38,0xa0,0x2,0x66,0xba,0x63,0xd7,
  0xab,0xb9,0xb,0xf4,0x7,0xb9,0x4d,0xa4,0xdc,0xf2,0x35,0xc7,0x34,0xa6,0x85,0xc5,
  0xcd,0x6f,0xd7,0xab,0x1f,0x14,0x93,0xbc,0xcd,0x3f,0xea,0xfd,0x2a,0xa9,0xa6,0x87,
  0x5b,0x48,0x4f,0x7d,0x8c,0xc6,0xb5,0x98,0xf2,0x0,0x54,0x4b,0xbb,0x37,0x28,0xee,
  0xd4,0x33,0xbc,0xcc,0xad,0x6d,0x87,0xbc,0x4f,0x9a,0xce,0x28,0xe2,0xd0,0x63,0xf8,
  0xd3,0x5b,0x78,0x5f,0x56,0xe2,0x10,0x32,0x48,0x1e,0x4e,0x4b,0x38,0xef,0xc7,0xd6,
  0x41,0xb3,0xba,0x69,0x6a,0xe8,0x86,0x1,0x68,0x69,0x14,0xa7,0x72,0x41,0xe4,0x96,
  0x7,0xaf,0x69,0x24,0xc1,0xf2,0x77,0x52,0xbf,0xa,0xb7,0x1e,0x17,0x21,0x86,0x58,
  0x5,0xd7,0x69,0xb8,0x26,0x22,0xb9,0x89,0xd8,0x83,0x8d,0x76,0x98,0x51,0x18,0xd9,
  0x32,0x8b,0x2f,0x79,0xa,0xa3,0xc6,0xef,0x25,0x1,0x50,0x96,0xc3,0x90,0x1,0x86,
  0x7d,0x87,0x9c,0x6f,0x18,0xfc,0x2d,0x49,0x7f,0x98,0xfd,0x91,0xac,0x3f,0xaa,0x18,
  0x9c,0xf9,0xca,0x7d,0x75,0xf3,0xfe,0xaf,0x1f,0x54,0xe,0xe,0xf,0xd7,0xfc,0x82,
  0xdf,0x17,0xb9,0xe0,0xc3,0xd4,0xbc,0xe1,0xe2,0x1,0x28,0x47,0xb4,0xa8,0x90,0x7,
  0x4,0xba,0xf3,0xdf,0xda,0x92,0x30,0x8,0x45,0xc5,0xad,0x9d,0x21,0xcd,0xe3,0x3c,
  0xc8,0x7e,0x57,0x2,0xef,0x8,0xcb,0xee,0x96,0x5b,0x1e,0xc7,0x80,0x26,0xbb,0xbf,
  0x81,0xa3,0x56,0x68,0xff,0x7c,0x97,0x16,0x56,0x5,0xea,0xd8,0x7e,0x73,0x7d,0xb3,
  0xfa,0xbf,0x4e,0x80,0x88,0xcb,0xff,0x70,0x0,0xdc,0xc4,0xd9,0x34,0x84,0x99,0x12,
  0xa3,0xfd,0x8,0xe7,0x1d,0x35,0xad,0xa8,0xf7,0x1f,0x21,0xb8,0x82,0x79,0xc0,0xb0,
  0xc2,0xf5,0xa0,0x7f,0x47,0x13,0xa,0xf5,0x3d,0x53,0x24,0xf4,0xd3,0xcb,0x97,0x8a,
  0x5a,0xbf,0x1a,0x4f,0x86,0x23,0x6b,0xde,0xfb,0x9a,0x6,0xee,0xa9,0x5e,0x26,0xe6,
  0x8c,0x6e,0xa2,0x10,0x14,0xcc,0x14,0xa,0x5d,0xad,0x5f,0xe7,0x13,0xe7,0x37,0xcf,
  0x31,0xd6,0xf4,0xc0,0x44,0x5e,0x74,0x85,0xc7,0xde,0x49,0x97,0x44,0x3e,0xe1,0xb5,
  0x77,0x30,0x7a,0x52,0x4b,0xef,0x2a,0x7f,0xd2,0x87,0x82,0x4f,0xfd,0x9,0x4a,0x6f,
  0xd1,0x49,0xe3,0x14,0x57,0x31,0x79,0xa9,0x62,0x72,0x5a,0xc7,0xb4,0x20,0x97,0x63,
  0x32,0x8e,0x4a,0x2b,0xf3,0x1,0x40,0xeb,0x17,0x4d,0x18,0x6c,0xc8,0xe4,0x37,0x1b,
  0xe6,0xb1,0xa,0x72,0x9e,0xc7,0x24,0x37,0xda,0x95,0xee,0xa7,0x22,0x33,0xfa,0x2a,
  0xa,0xc8,0xbd,0xd2,0x60,0xf4,0x29,0x28,0x3a,0x15,0xae,0x7b,0xd5,0x57,0x54,0x7c,
  0x82,0x63,0x49,0xa0,0x4,0x1a,0x58,0x0,0xbc,0x59,0xb5,0x91,0x28,0x58,0xe0,0x8,
  0x6f,0xa0,0x80,0x60,0x6c,0x76,0x73,0x2f,0xec,0x3b,0xf0,0x2c,0xf3,0x7f,0x42,0x3c,
  0xc6,0xb1,0xec,0x18,0x7f,0x8a,0x3e,0x7f,0x46,0xc6,0x19,0xea,0x81,0xbe,0x52,0xbc,
  0x70,0x4a,0xde,0xaa,0x23,0xf2,0x12,0x76,0x9c,0x44,0xf0,0x26,0xa4,0x6e,0x4e,0xa1,
  0x6b,0x3e,0xc0,0xf5,0x62,0xb1,0x78,0x11,0x4,0x1a,0x2c,0xab,0x5e,0x92,0xcb,0xb5,
  0x95,0x47,0x14,0xd8,0xd3,0xec,0x63,0x4d,0xe7,0xc3,0x50,0x61,0x52,0xed,0x13,0x95,
  0xa0,0x99,0x53,0xea,0xa2,0xeb,0x38,0x6c,0xcf,0xe8,0xd,0x91,0x6f,0x70,0x22,0xb,
  0xc3,0xdd,0x6c,0x77,0xdf,0x47,0x27,0xd5,0x2b,0x8e,0xfa,0xaa,0x2,0x7f,0xff,0x2,
  0x72,0x3d,0x1a,0x65,
    // NavIcon.qml
  0x0,0x0,0x5,0x44,
  0x69,
  0x6d,0x70,0x6f,0x72,0x74,0x20,0x51,0x74,0x51,0x75,0x69,0x63,0x6b,0x20,0x32,0x2e,
  0x31,0x35,0xd,0xa,0xd,0xa,0x49,0x74,0x65,0x6d,0x20,0x7b,0xd,0xa,0x20,0x20,
  0x20,0x20,0x69,0x64,0x3a,0x20,0x72,0x6f,0x6f,0x74,0xd,0xa,0x20,0x20,0x20,0x20,
  0x70,0x72,0x6f,0x70,0x65,0x72,0x74,0x79,0x20,0x73,0x74,0x72,0x69,0x6e,0x67,0x20,
  0x6e,0x61,0x6d,0x65,0x3a,0x20,0x22,0x68,0x6f,0x6d,0x65,0x22,0xd,0xa,0x20,0x20,
  0x20,0x20,0x70,0x72,0x6f,0x70,0x65,0x72,0x74,0x79,0x20,0x63,0x6f,0x6c,0x6f,0x72,
  0x20,0x73,0x74,0x72,0x6f,0x6b,0x65,0x43,0x6f,0x6c,0x6f,0x72,0x3a,0x20,0x22,0x23,
  0x38,0x42,0x39,0x36,0x41,0x44,0x22,0xd,0xa,0x20,0x20,0x20,0x20,0x77,0x69,0x64,
  0x74,0x68,0x3a,0x20,0x32,0x34,0x3b,0x20,0x68,0x65,0x69,0x67,0x68,0x74,0x3a,0x20,
  0x32,0x34,0xd,0xa,0x20,0x20,0x20,0x20,0x43,0x61,0x6e,0x76,0x61,0x73,0x20,0x7b,
  0xd,0xa,0x20,0x20,0x20,0x20,0x20,0x20,0x20,0x20,0x61,0x6e,0x63,0x68,0x6f,0x72,
  0x73,0x2e,0x66,0x69,0x6c,0x6c,0x3a,0x20,0x70,0x61,0x72,0x65,0x6e,0x74,0xd,0xa,
  0x20,0x20,0x20,0x20,0x20,0x20,0x20,0x20,0x6f,0x6e,0x50,0x61,0x69,0x6e,0x74,0x3a,
  0x20,0x7b,0xd,0xa,0x20,0x20,0x20,0x20,0x20,0x20,0x20,0x20,0x20,0x20,0x20,0x20,
  0x76,0x61,0x72,0x20,0x63,0x20,0x3d,0x20,0x67,0x65,0x74,0x43,0x6f,0x6e,0x74,0x65,
  0x78,0x74,0x28,0x22,0x32,0x64,0x22,0x29,0x3b,0x20,0x63,0x2e,0x72,0x65,0x73,0x65,
  0x74,0x28,0x29,0x3b,0x20,0x63,0x2e,0x73,0x74,0x72,0x6f,0x6b,0x65,0x53,0x74,0x79,
  0x6c,0x65,0x20,0x3d,0x20,0x72,0x6f,0x6f,0x74,0x2e,0x73,0x74,0x72,0x6f,0x6b,0x65,
  0x43,0x6f,0x6c,0x6f,0x72,0xd,0xa,0x20,0x20,0x20,0x20,0x20,0x20,0x20,0x20,0x20,
  0x20,0x20,0x20,0x63,0x2e,0x6c,0x69,0x6e,0x65,0x57,0x69,0x64,0x74,0x68,0x20,0x3d,
  0x20,0x31,0x2e,0x39,0x3b,0x20,0x63,0x2e,0x6c,0x69,0x6e,0x65,0x43,0x61,0x70,0x20,
  0x3d,0x20,0x22,0x72,0x6f,0x75,0x6e,0x64,0x22,0x3b,0x20,0x63,0x2e,0x6c,0x69,0x6e,
  0x65,0x4a,0x6f,0x69,0x6e,0x20,0x3d,0x20,0x22,0x72,0x6f,0x75,0x6e,0x64,0x22,0xd,
  0xa,0x20,0x20,0x20,0x20,0x20,0x20,0x20,0x20,0x20,0x20,0x20,0x20,0x69,0x66,0x20,
  0x28,0x72,0x6f,0x6f,0x74,0x2e,0x6e,0x61,0x6d,0x65,0x20,0x3d,0x3d,0x3d,0x20,0x22,
  0x68,0x6f,0x6d,0x65,0x22,0x29,0x20,0x7b,0x20,0x63,0x2e,0x62,0x65,0x67,0x69,0x6e,
  0x50,0x61,0x74,0x68,0x28,0x29,0x3b,0x20,0x63,0x2e,0x6d,0x6f,0x76,0x65,0x54,0x6f,
  0x28,0x33,0x2c,0x31,0x31,0x29,0x3b,0x20,0x63,0x2e,0x6c,0x69,0x6e,0x65,0x54,0x6f,
  0x28,0x31,0x32,0x2c,0x33,0x29,0x3b,0x20,0x63,0x2e,0x6c,0x69,0x6e,0x65,0x54,0x6f,
  0x28,0x32,0x31,0x2c,0x31,0x31,0x29,0x3b,0x20,0x63,0x2e,0x6d,0x6f,0x76,0x65,0x54,
  0x6f,0x28,0x35,0x2e,0x35,0x2c,0x31,0x30,0x29,0x3b,0x20,0x63,0x2e,0x6c,0x69,0x6e,
  0x65,0x54,0x6f,0x28,0x35,0x2e,0x35,0x2c,0x32,0x30,0x29,0x3b,0x20,0x63,0x2e,0x6c,
  0x69,0x6e,0x65,0x54,0x6f,0x28,0x31,0x38,0x2e,0x35,0x2c,0x32,0x30,0x29,0x3b,0x20,
  0x63,0x2e,0x6c,0x69,0x6e,0x65,0x54,0x6f,0x28,0x31,0x38,0x2e,0x35,0x2c,0x31,0x30,
  0x29,0x3b,0x20,0x63,0x2e,0x6d,0x6f,0x76,0x65,0x54,0x6f,0x28,0x31,0x30,0x2c,0x32,
  0x30,0x29,0x3b,0x20,0x63,0x2e,0x6c,0x69,0x6e,0x65,0x54,0x6f,0x28,0x31,0x30,0x2c,
  0x31,0x34,0x29,0x3b,0x20,0x63,0x2e,0x6c,0x69,0x6e,0x65,0x54,0x6f,0x28,0x31,0x34,
  0x2c,0x31,0x34,0x29,0x3b,0x20,0x63,0x2e,0x6c,0x69,0x6e,0x65,0x54,0x6f,0x28,0x31,
  0x34,0x2c,0x32,0x30,0x29,0x3b,0x20,0x63,0x2e,0x73,0x74,0x72,0x6f,0x6b,0x65,0x28,
  0x29,0x20,0x7d,0xd,0xa,0x20,0x20,0x20,0x20,0x20,0x20,0x20,0x20,0x20,0x20,0x20,
  0x20,0x65,0x6c,0x73,0x65,0x20,0x69,0x66,0x20,0x28,0x72,0x6f,0x6f,0x74,0x2e,0x6e,
  0x61,0x6d,0x65,0x20,0x3d,0x3d,0x3d,0x20,0x22,0x61,0x63,0x74,0x69,0x76,0x69,0x74,
  0x79,0x22,0x29,0x20,0x7b,0x20,0x63,0x2e,0x62,0x65,0x67,0x69,0x6e,0x50,0x61,0x74,
  0x68,0x28,0x29,0x3b,0x20,0x63,0x2e,0x72,0x65,0x63,0x74,0x28,0x33,0x2c,0x34,0x2c,
  0x31,0x38,0x2c,0x31,0x36,0x29,0x3b,0x20,0x63,0x2e,0x6d,0x6f,0x76,0x65,0x54,0x6f,
  0x28,0x37,0x2c,0x31,0x35,0x29,0x3b,0x20,0x63,0x2e,0x6c,0x69,0x6e,0x65,0x54,0x6f,
  0x28,0x31,0x30,0x2c,0x31,0x32,0x29,0x3b,0x20,0x63,0x2e,0x6c,0x69,0x6e,0x65,0x54,
  0x6f,0x28,0x31,0x33,0x2c,0x31,0x34,0x29,0x3b,0x20,0x63,0x2e,0x6c,0x69,0x6e,0x65,
  0x54,0x6f,0x28,0x31,0x38,0x2c,0x38,0x29,0x3b,0x20,0x63,0x2e,0x73,0x74,0x72,0x6f,
  0x6b,0x65,0x28,0x29,0x20,0x7d,0xd,0xa,0x20,0x20,0x20,0x20,0x20,0x20,0x20,0x20,
  0x20,0x20,0x20,0x20,0x65,0x6c,0x73,0x65,0x20,0x69,0x66,0x20,0x28,0x72,0x6f,0x6f,
  0x74,0x2e,0x6e,0x61,0x6d,0x65,0x20,0x3d,0x3d,0x3d,0x20,0x22,0x63,0x68,0x61,0x72,
  0x74,0x22,0x29,0x20,0x7b,0x20,0x63,0x2e,0x62,0x65,0x67,0x69,0x6e,0x50,0x61,0x74,
  0x68,0x28,0x29,0x3b,0x20,0x63,0x2e,0x6d,0x6f,0x76,0x65,0x54,0x6f,0x28,0x34,0x2c,
  0x32,0x30,0x29,0x3b,0x20,0x63,0x2e,0x6c,0x69,0x6e,0x65,0x54,0x6f,0x28,0x34,0x2c,
  0x34,0x29,0x3b,0x20,0x63,0x2e,0x6d,0x6f,0x76,0x65,0x54,0x6f,0x28,0x34,0x2c,0x32,
  0x30,0x29,0x3b,0x20,0x63,0x2e,0x6c,0x69,0x6e,0x65,0x54,0x6f,0x28,0x32,0x31,0x2c,
  0x32,0x30,0x29,0x3b,0x20,0x63,0x2e,0x6d,0x6f,0x76,0x65,0x54,0x6f,0x28,0x38,0x2c,
  0x31,0x36,0x29,0x3b,0x20,0x63,0x2e,0x6c,0x69,0x6e,0x65,0x54,0x6f,0x28,0x31,0x31,
  0x2c,0x31,0x32,0x29,0x3b,0x20,0x63,0x2e,0x6c,0x69,0x6e,0x65,0x54,0x6f,0x28,0x31,
  0x34,0x2c,0x31,0x34,0x29,0x3b,0x20,0x63,0x2e,0x6c,0x69,0x6e,0x65,0x54,0x6f,0x28,
  0x31,0x39,0x2c,0x37,0x29,0x3b,0x20,0x63,0x2e,0x73,0x74,0x72,0x6f,0x6b,0x65,0x28,
  0x29,0x20,0x7d,0xd,0xa,0x20,0x20,0x20,0x20,0x20,0x20,0x20,0x20,0x20,0x20,0x20,
  0x20,0x65,0x6c,0x73,0x65,0x20,0x69,0x66,0x20,0x28,0x72,0x6f,0x6f,0x74,0x2e,0x6e,
  0x61,0x6d,0x65,0x20,0x3d,0x3d,0x3d,0x20,0x22,0x75,0x73,0x65,0x72,0x22,0x29,0x20,
  0x7b,0x20,0x63,0x2e,0x62,0x65,0x67,0x69,0x6e,0x50,0x61,0x74,0x68,0x28,0x29,0x3b,
  0x20,0x63,0x2e,0x61,0x72,0x63,0x28,0x31,0x32,0x2c,0x38,0x2c,0x33,0x2e,0x35,0x2c,
  0x30,0x2c,0x4d,0x61,0x74,0x68,0x2e,0x50,0x49,0x2a,0x32,0x29,0x3b,0x20,0x63,0x2e,
  0x6d,0x6f,0x76,0x65,0x54,0x6f,0x28,0x35,0x2c,0x32,0x31,0x29,0x3b,0x20,0x63,0x2e,
  0x62,0x65,0x7a,0x69,0x65,0x72,0x43,0x75,0x72,0x76,0x65,0x54,0x6f,0x28,0x35,0x2c,
  0x31,0x36,0x2c,0x38,0x2c,0x31,0x34,0x2c,0x31,0x32,0x2c,0x31,0x34,0x29,0x3b,0x20,
  0x63,0x2e,0x62,0x65,0x7a,0x69,0x65,0x72,0x43,0x75,0x72,0x76,0x65,0x54,0x6f,0x28,
  0x31,0x36,0x2c,0x31,0x34,0x2c,0x31,0x39,0x2c,0x31,0x36,0x2c,0x31,0x39,0x2c,0x32,
  0x31,0x29,0x3b,0x20,0x63,0x2e,0x73,0x74,0x72,0x6f,0x6b,0x65,0x28,0x29,0x20,0x7d,
  0xd,0xa,0x20,0x20,0x20,0x20,0x20,0x20,0x20,0x20,0x20,0x20,0x20,0x20,0x65,0x6c,
  0x73,0x65,0x20,0x69,0x66,0x20,0x28,0x72,0x6f,0x6f,0x74,0x2e,0x6e,0x61,0x6d,0x65,
  0x20,0x3d,0x3d,0x3d,0x20,0x22,0x70,0x6c,0x75,0x73,0x22,0x29,0x20,0x7b,0x20,0x63,
  0x2e,0x62,0x65,0x67,0x69,0x6e,0x50,0x61,0x74,0x68,0x28,0x29,0x3b,0x20,0x63,0x2e,
  0x6d,0x6f,0x76,0x65,0x54,0x6f,0x28,0x31,0x32,0x2c,0x35,0x29,0x3b,0x20,0x63,0x2e,
  0x6c,0x69,0x6e,0x65,0x54,0x6f,0x28,0x31,0x32,0x2c,0x31,0x39,0x29,0x3b,0x20,0x63,
  0x2e,0x6d,0x6f,0x76,0x65,0x54,0x6f,0x28,0x35,0x2c,0x31,0x32,0x29,0x3b,0x20,0x63,
  0x2e,0x6c,0x69,0x6e,0x65,0x54,0x6f,0x28,0x31,0x39,0x2c,0x31,0x32,0x29,0x3b,0x20,
  0x63,0x2e,0x73,0x74,0x72,0x6f,0x6b,0x65,0x28,0x29,0x20,0x7d,0xd,0xa,0x20,0x20,
  0x20,0x20,0x20,0x20,0x20,0x20,0x7d,0xd,0xa,0x20,0x20,0x20,0x20,0x7d,0xd,0xa,
  0x7d,0xd,0xa,
    // TransactionPage.qml
  0x0,0x0,0xa,0x6c,
  0x69,
  0x6d,0x70,0x6f,0x72,0x74,0x20,0x51,0x74,0x51,0x75,0x69,0x63,0x6b,0x20,0x32,0x2e,
  0x31,0x35,0xd,0xa,0x69,0x6d,0x70,0x6f,0x72,0x74,0x20,0x51,0x74,0x51,0x75,0x69,
  0x63,0x6b,0x2e,0x43,0x6f,0x6e,0x74,0x72,0x6f,0x6c,0x73,0x20,0x32,0x2e,0x31,0x35,
  0xd,0xa,0xd,0xa,0x52,0x65,0x63,0x74,0x61,0x6e,0x67,0x6c,0x65,0x20,0x7b,0xd,
  0xa,0x20,0x20,0x20,0x20,0x61,0x6e,0x63,0x68,0x6f,0x72,0x73,0x2e,0x66,0x69,0x6c,
  0x6c,0x3a,0x20,0x70,0x61,0x72,0x65,0x6e,0x74,0x3b,0x20,0x63,0x6f,0x6c,0x6f,0x72,
  0x3a,0x20,0x22,0x23,0x46,0x35,0x46,0x37,0x46,0x42,0x22,0xd,0xa,0x20,0x20,0x20,
  0x20,0x4c,0x69,0x73,0x74,0x4d,0x6f,0x64,0x65,0x6c,0x20,0x7b,0x20,0x69,0x64,0x3a,
  0x20,0x74,0x72,0x61,0x6e,0x73,0x61,0x63,0x74,0x69,0x6f,0x6e,0x4d,0x6f,0x64,0x65,
  0x6c,0x20,0x7d,0xd,0xa,0x20,0x20,0x20,0x20,0x52,0x65,0x63,0x74,0x61,0x6e,0x67,
  0x6c,0x65,0x20,0x7b,0x20,0x77,0x69,0x64,0x74,0x68,0x3a,0x20,0x70,0x61,0x72,0x65,
  0x6e,0x74,0x2e,0x77,0x69,0x64,0x74,0x68,0x3b,0x20,0x68,0x65,0x69,0x67,0x68,0x74,
  0x3a,0x20,0x31,0x30,0x34,0x3b,0x20,0x63,0x6f,0x6c,0x6f,0x72,0x3a,0x20,0x22,0x23,
  0x31,0x35,0x31,0x43,0x33,0x35,0x22,0xd,0xa,0x20,0x20,0x20,0x20,0x20,0x20,0x20,
  0x20,0x52,0x6f,0x77,0x20,0x7b,0x20,0x61,0x6e,0x63,0x68,0x6f,0x72,0x73,0x2e,0x6c,
  0x65,0x66,0x74,0x3a,0x20,0x70,0x61,0x72,0x65,0x6e,0x74,0x2e,0x6c,0x65,0x66,0x74,
  0x3b,0x20,0x61,0x6e,0x63,0x68,0x6f,0x72,0x73,0x2e,0x6c,0x65,0x66,0x74,0x4d,0x61,
  0x72,0x67,0x69,0x6e,0x3a,0x20,0x32,0x36,0x3b,0x20,0x61,0x6e,0x63,0x68,0x6f,0x72,
  0x73,0x2e,0x76,0x65,0x72,0x74,0x69,0x63,0x61,0x6c,0x43,0x65,0x6e,0x74,0x65,0x72,
  0x3a,0x20,0x70,0x61,0x72,0x65,0x6e,0x74,0x2e,0x76,0x65,0x72,0x74,0x69,0x63,0x61,
  0x6c,0x43,0x65,0x6e,0x74,0x65,0x72,0x3b,0x20,0x73,0x70,0x61,0x63,0x69,0x6e,0x67,
  0x3a,0x20,0x31,0x35,0xd,0xa,0x20,0x20,0x20,0x20,0x20,0x20,0x20,0x20,0x20,0x20,
  0x20,0x20,0x54,0x65,0x78,0x74,0x20,0x7b,0x20,0x74,0x65,0x78,0x74,0x3a,0x20,0x22,
  0x42,0x61,0x63,0x6b,0x22,0x3b,0x20,0x63,0x6f,0x6c,0x6f,0x72,0x3a,0x20,0x22,0x23,
  0x43,0x39,0x43,0x34,0x44,0x46,0x22,0x3b,0x20,0x66,0x6f,0x6e,0x74,0x2e,0x70,0x69,
  0x78,0x65,0x6c,0x53,0x69,0x7a,0x65,0x3a,0x20,0x31,0x33,0x3b,0x20,0x4d,0x6f,0x75,
  0x73,0x65,0x41,0x72,0x65,0x61,0x20,0x7b,0x20,0x61,0x6e,0x63,0x68,0x6f,0x72,0x73,
  0x2e,0x66,0x69,0x6c,0x6c,0x3a,0x20,0x70,0x61,0x72,0x65,0x6e,0x74,0x3b,0x20,0x6f,
  0x6e,0x43,0x6c,0x69,0x63,0x6b,0x65,0x64,0x3a,0x20,0x73,0x74,0x61,0x63,0x6b,0x56,
  0x69,0x65,0x77,0x2e,0x70,0x6f,0x70,0x28,0x29,0x20,0x7d,0x20,0x7d,0xd,0xa,0x20,
  0x20,0x20,0x20,0x20,0x20,0x20,0x20,0x20,0x20,0x20,0x20,0x52,0x65,0x63,0x74,0x61,
  0x6e,0x67,0x6c,0x65,0x20,0x7b,0x20,0x77,0x69,0x64,0x74,0x68,0x3a,0x20,0x31,0x3b,
  0x20,0x68,0x65,0x69,0x67,0x68,0x74,0x3a,0x20,0x32,0x30,0x3b,0x20,0x63,0x6f,0x6c,
  0x6f,0x72,0x3a,0x20,0x22,0x23,0x35,0x45,0x35,0x35,0x37,0x41,0x22,0x20,0x7d,0xd,
  0xa,0x20,0x20,0x20,0x20,0x20,0x20,0x20,0x20,0x20,0x20,0x20,0x20,0x43,0x6f,0x6c,
  0x75,0x6d,0x6e,0x20,0x7b,0x20,0x73,0x70,0x61,0x63,0x69,0x6e,0x67,0x3a,0x20,0x33,
  0xd,0xa,0x20,0x20,0x20,0x20,0x20,0x20,0x20,0x20,0x20,0x20,0x20,0x20,0x20,0x20,
  0x20,0x20,0x54,0x65,0x78,0x74,0x20,0x7b,0x20,0x74,0x65,0x78,0x74,0x3a,0x20,0x22,
  0x41,0x63,0x74,0x69,0x76,0x69,0x74,0x79,0x22,0x3b,0x20,0x63,0x6f,0x6c,0x6f,0x72,
  0x3a,0x20,0x22,0x77,0x68,0x69,0x74,0x65,0x22,0x3b,0x20,0x66,0x6f,0x6e,0x74,0x2e,
  0x70,0x69,0x78,0x65,0x6c,0x53,0x69,0x7a,0x65,0x3a,0x20,0x32,0x34,0x3b,0x20,0x66,
  0x6f,0x6e,0x74,0x2e,0x62,0x6f,0x6c,0x64,0x3a,0x20,0x74,0x72,0x75,0x65,0x20,0x7d,
  0xd,0xa,0x20,0x20,0x20,0x20,0x20,0x20,0x20,0x20,0x20,0x20,0x20,0x20,0x20,0x20,
  0x20,0x20,0x54,0x65,0x78,0x74,0x20,0x7b,0x20,0x74,0x65,0x78,0x74,0x3a,0x20,0x22,
  0x45,0x76,0x65,0x72,0x79,0x20,0x74,0x72,0x61,0x6e,0x73,0x61,0x63,0x74,0x69,0x6f,
  0x6e,0x2c,0x20,0x69,0x6e,0x20,0x6f,0x6e,0x65,0x20,0x70,0x6c,0x61,0x63,0x65,0x2e,
  0x22,0x3b,0x20,0x63,0x6f,0x6c,0x6f,0x72,0x3a,0x20,0x22,0x23,0x42,0x38,0x42,0x32,
  0x43,0x43,0x22,0x3b,0x20,0x66,0x6f,0x6e,0x74,0x2e,0x70,0x69,0x78,0x65,0x6c,0x53,
  0x69,0x7a,0x65,0x3a,0x20,0x31,0x32,0x20,0x7d,0xd,0xa,0x20,0x20,0x20,0x20,0x20,
  0x20,0x20,0x20,0x20,0x20,0x20,0x20,0x7d,0xd,0xa,0x20,0x20,0x20,0x20,0x20,0x20,
  0x20,0x20,0x7d,0xd,0xa,0x20,0x20,0x20,0x20,0x7d,0xd,0xa,0x20,0x20,0x20,0x20,
  0x43,0x6f,0x6c,0x75,0x6d,0x6e,0x20,0x7b,0x20,0x61,0x6e,0x63,0x68,0x6f,0x72,0x73,
  0x2e,0x74,0x6f,0x70,0x3a,0x20,0x70,0x61,0x72,0x65,0x6e,0x74,0x2e,0x74,0x6f,0x70,
  0x3b,0x20,0x61,0x6e,0x63,0x68,0x6f,0x72,0x73,0x2e,0x74,0x6f,0x70,0x4d,0x61,0x72,
  0x67,0x69,0x6e,0x3a,0x20,0x31,0x30,0x34,0x3b,0x20,0x61,0x6e,0x63,0x68,0x6f,0x72,
  0x73,0x2e,0x6c,0x65,0x66,0x74,0x3a,0x20,0x70,0x61,0x72,0x65,0x6e,0x74,0x2e,0x6c,
  0x65,0x66,0x74,0x3b,0x20,0x61,0x6e,0x63,0x68,0x6f,0x72,0x73,0x2e,0x72,0x69,0x67,
  0x68,0x74,0x3a,0x20,0x70,0x61,0x72,0x65,0x6e,0x74,0x2e,0x72,0x69,0x67,0x68,0x74,
  0x3b,0x20,0x61,0x6e,0x63,0x68,0x6f,0x72,0x73,0x2e,0x6d,0x61,0x72,0x67,0x69,0x6e,
  0x73,0x3a,0x20,0x32,0x34,0x3b,0x20,0x73,0x70,0x61,0x63,0x69,0x6e,0x67,0x3a,0x20,
  0x31,0x36,0xd,0xa,0x20,0x20,0x20,0x20,0x20,0x20,0x20,0x20,0x54,0x65,0x78,0x74,
  0x46,0x69,0x65,0x6c,0x64,0x20,0x7b,0x20,0x69,0x64,0x3a,0x20,0x73,0x65,0x61,0x72,
  0x63,0x68,0x46,0x69,0x65,0x6c,0x64,0x3b,0x20,0x77,0x69,0x64,0x74,0x68,0x3a,0x20,
  0x70,0x61,0x72,0x65,0x6e,0x74,0x2e,0x77,0x69,0x64,0x74,0x68,0x3b,0x20,0x68,0x65,
  0x69,0x67,0x68,0x74,0x3a,0x20,0x34,0x36,0x3b,0x20,0x70,0x6c,0x61,0x63,0x65,0x68,
  0x6f,0x6c,0x64,0x65,0x72,0x54,0x65,0x78,0x74,0x3a,0x20,0x22,0x53,0x65,0x61,0x72,
  0x63,0x68,0x20,0x61,0x63,0x74,0x69,0x76,0x69,0x74,0x79,0x22,0x3b,0x20,0x6c,0x65,
  0x66,0x74,0x50,0x61,0x64,0x64,0x69,0x6e,0x67,0x3a,0x20,0x31,0x36,0x3b,0x20,0x62,
  0x61,0x63,0x6b,0x67,0x72,0x6f,0x75,0x6e,0x64,0x3a,0x20,0x52,0x65,0x63,0x74,0x61,
  0x6e,0x67,0x6c,0x65,0x20,0x7b,0x20,0x72,0x61,0x64,0x69,0x75,0x73,0x3a,0x20,0x31,
  0x32,0x3b,0x20,0x63,0x6f,0x6c,0x6f,0x72,0x3a,0x20,0x22,0x77,0x68,0x69,0x74,0x65,
  0x22,0x3b,0x20,0x62,0x6f,0x72,0x64,0x65,0x72,0x2e,0x63,0x6f,0x6c,0x6f,0x72,0x3a,
  0x20,0x22,0x23,0x45,0x32,0x45,0x36,0x45,0x46,0x22,0x20,0x7d,0x20,0x7d,0xd,0xa,
  0x20,0x20,0x20,0x20,0x20,0x20,0x20,0x20,0x52,0x6f,0x77,0x20,0x7b,0x20,0x73,0x70,
  0x61,0x63,0x69,0x6e,0x67,0x3a,0x20,0x38,0xd,0xa,0x20,0x20,0x20,0x20,0x20,0x20,
  0x20,0x20,0x20,0x20,0x20,0x20,0x52,0x65,0x70,0x65,0x61,0x74,0x65,0x72,0x20,0x7b,
  0x20,0x6d,0x6f,0x64,0x65,0x6c,0x3a,0x20,0x5b,0x22,0x41,0x6c,0x6c,0x22,0x2c,0x20,
  0x22,0x46,0x6f,0x6f,0x64,0x22,0x2c,0x20,0x22,0x54,0x72,0x61,0x76,0x65,0x6c,0x22,
  0x2c,0x20,0x22,0x42,0x69,0x6c,0x6c,0x73,0x22,0x5d,0xd,0xa,0x20,0x20,0x20,0x20,
  0x20,0x20,0x20,0x20,0x20,0x20,0x20,0x20,0x20,0x20,0x20,0x20,0x52,0x65,0x63,0x74,
  0x61,0x6e,0x67,0x6c,0x65,0x20,0x7b,0x20,0x77,0x69,0x64,0x74,0x68,0x3a,0x20,0x66,
  0x69,0x6c,0x74,0x65,0x72,0x54,0x65,0x78,0x74,0x2e,0x69,0x6d,0x70,0x6c,0x69,0x63,
  0x69,0x74,0x57,0x69,0x64,0x74,0x68,0x20,0x2b,0x20,0x32,0x36,0x3b,0x20,0x68,0x65,
  0x69,0x67,0x68,0x74,0x3a,0x20,0x33,0x32,0x3b,0x20,0x72,0x61,0x64,0x69,0x75,0x73,
  0x3a,0x20,0x31,0x36,0x3b,0x20,0x63,0x6f,0x6c,0x6f,0x72,0x3a,0x20,0x69,0x6e,0x64,
  0x65,0x78,0x20,0x3d,0x3d,0x3d,0x20,0x30,0x20,0x3f,0x20,0x22,0x23,0x36,0x44,0x34,
  0x43,0x43,0x34,0x22,0x20,0x3a,0x20,0x22,0x23,0x45,0x45,0x45,0x42,0x46,0x41,0x22,
  0xd,0xa,0x20,0x20,0x20,0x20,0x20,0x20,0x20,0x20,0x20,0x20,0x20,0x20,0x20,0x20,
  0x20,0x20,0x20,0x20,0x20,0x20,0x54,0x65,0x78,0x74,0x20,0x7b,0x20,0x69,0x64,0x3a,
  0x20,0x66,0x69,0x6c,0x74,0x65,0x72,0x54,0x65,0x78,0x74,0x3b,0x20,0x74,0x65,0x78,
  0x74,0x3a,0x20,0x6d,0x6f,0x64,0x65,0x6c,0x44,0x61,0x74,0x61,0x3b,0x20,0x63,0x6f,
  0x6c,0x6f,0x72,0x3a,0x20,0x69,0x6e,0x64,0x65,0x78,0x20,0x3d,0x3d,0x3d,0x20,0x30,
  0x20,0x3f,0x20,0x22,0x77,0x68,0x69,0x74,0x65,0x22,0x20,0x3a,0x20,0x22,0x23,0x35,
  0x44,0x35,0x32,0x37,0x41,0x22,0x3b,0x20,0x66,0x6f,0x6e,0x74,0x2e,0x70,0x69,0x78,
  0x65,0x6c,0x53,0x69,0x7a,0x65,0x3a,0x20,0x31,0x32,0x3b,0x20,0x66,0x6f,0x6e,0x74,
  0x2e,0x62,0x6f,0x6c,0x64,0x3a,0x20,0x74,0x72,0x75,0x65,0x3b,0x20,0x61,0x6e,0x63,
  0x68,0x6f,0x72,0x73,0x2e,0x63,0x65,0x6e,0x74,0x65,0x72,0x49,0x6e,0x3a,0x20,0x70,
  0x61,0x72,0x65,0x6e,0x74,0x20,0x7d,0xd,0xa,0x20,0x20,0x20,0x20,0x20,0x20,0x20,
  0x20,0x20,0x20,0x20,0x20,0x20,0x20,0x20,0x20,0x7d,0xd,0xa,0x20,0x20,0x20,0x20,
  0x20,0x20,0x20,0x20,0x20,0x20,0x20,0x20,0x7d,0xd,0xa,0x20,0x20,0x20,0x20,0x20,
  0x20,0x20,0x20,0x7d,0xd,0xa,0x20,0x20,0x20,0x20,0x20,0x20,0x20,0x20,0x52,0x65,
  0x63,0x74,0x61,0x6e,0x67,0x6c,0x65,0x20,0x7b,0x20,0x77,0x69,0x64,0x74,0x68,0x3a,
  0x20,0x70,0x61,0x72,0x65,0x6e,0x74,0x2e,0x77,0x69,0x64,0x74,0x68,0x3b,0x20,0x68,
  0x65,0x69,0x67,0x68,0x74,0x3a,0x20,0x31,0x3b,0x20,0x63,0x6f,0x6c,0x6f,0x72,0x3a,
  0x20,0x22,0x23,0x45,0x32,0x45,0x36,0x45,0x46,0x22,0x20,0x7d,0xd,0xa,0x20,0x20,
  0x20,0x20,0x20,0x20,0x20,0x20,0x49,0x74,0x65,0x6d,0x20,0x7b,0x20,0x77,0x69,0x64,
  0x74,0x68,0x3a,0x20,0x70,0x61,0x72,0x65,0x6e,0x74,0x2e,0x77,0x69,0x64,0x74,0x68,
  0x3b,0x20,0x68,0x65,0x69,0x67,0x68,0x74,0x3a,0x20,0x32,0x37,0x30,0x3b,0x20,0x76,
  0x69,0x73,0x69,0x62,0x6c,0x65,0x3a,0x20,0x74,0x72,0x61,0x6e,0x73,0x61,0x63,0x74,
  0x69,0x6f,0x6e,0x4d,0x6f,0x64,0x65,0x6c,0x2e,0x63,0x6f,0x75,0x6e,0x74,0x20,0x3d,
  0x3d,0x3d,0x20,0x30,0xd,0xa,0x20,0x20,0x20,0x20,0x20,0x20,0x20,0x20,0x43,0x6f,
  0x6c,0x75,0x6d,0x6e,0x20,0x7b,0x20,0x61,0x6e,0x63,0x68,0x6f,0x72,0x73,0x2e,0x63,
  0x65,0x6e,0x74,0x65,0x72,0x49,0x6e,0x3a,0x20,0x70,0x61,0x72,0x65,0x6e,0x74,0x3b,
  0x20,0x77,0x69,0x64,0x74,0x68,0x3a,0x20,0x70,0x61,0x72,0x65,0x6e,0x74,0x2e,0x77,
  0x69,0x64,0x74,0x68,0x3b,0x20,0x73,0x70,0x61,0x63,0x69,0x6e,0x67,0x3a,0x20,0x38,
  0xd,0xa,0x20,0x20,0x20,0x20,0x20,0x20,0x20,0x20,0x20,0x20,0x20,0x20,0x52,0x65,
  0x63,0x74,0x61,0x6e,0x67,0x6c,0x65,0x20,0x7b,0x20,0x77,0x69,0x64,0x74,0x68,0x3a,
  0x20,0x35,0x34,0x3b,0x20,0x68,0x65,0x69,0x67,0x68,0x74,0x3a,0x20,0x35,0x34,0x3b,
  0x20,0x72,0x61,0x64,0x69,0x75,0x73,0x3a,0x20,0x31,0x36,0x3b,0x20,0x63,0x6f,0x6c,
  0x6f,0x72,0x3a,0x20,0x22,0x23,0x45,0x45,0x45,0x42,0x46,0x41,0x22,0x3b,0x20,0x61,
  0x6e,0x63,0x68,0x6f,0x72,0x73,0x2e,0x68,0x6f,0x72,0x69,0x7a,0x6f,0x6e,0x74,0x61,
  0x6c,0x43,0x65,0x6e,0x74,0x65,0x72,0x3a,0x20,0x70,0x61,0x72,0x65,0x6e,0x74,0x2e,
  0x68,0x6f,0x72,0x69,0x7a,0x6f,0x6e,0x74,0x61,0x6c,0x43,0x65,0x6e,0x74,0x65,0x72,
  0x3b,0x20,0x4e,0x61,0x76,0x49,0x63,0x6f,0x6e,0x20,0x7b,0x20,0x6e,0x61,0x6d,0x65,
  0x3a,0x20,0x22,0x61,0x63,0x74,0x69,0x76,0x69,0x74,0x79,0x22,0x3b,0x20,0x73,0x74,
  0x72,0x6f,0x6b,0x65,0x43,0x6f,0x6c,0x6f,0x72,0x3a,0x20,0x22,0x23,0x36,0x44,0x34,
  0x43,0x43,0x34,0x22,0x3b,0x20,0x61,0x6e,0x63,0x68,0x6f,0x72,0x73,0x2e,0x63,0x65,
  0x6e,0x74,0x65,0x72,0x49,0x6e,0x3a,0x20,0x70,0x61,0x72,0x65,0x6e,0x74,0x20,0x7d,
  0x20,0x7d,0xd,0xa,0x20,0x20,0x20,0x20,0x20,0x20,0x20,0x20,0x20,0x20,0x20,0x20,
  0x54,0x65,0x78,0x74,0x20,0x7b,0x20,0x74,0x65,0x78,0x74,0x3a,0x20,0x22,0x4e,0x6f,
  0x20,0x61,0x63,0x74,0x69,0x76,0x69,0x74,0x79,0x20,0x79,0x65,0x74,0x22,0x3b,0x20,
  0x63,0x6f,0x6c,0x6f,0x72,0x3a,0x20,0x22,0x23,0x32,0x37,0x33,0x30,0x34,0x41,0x22,
  0x3b,0x20,0x66,0x6f,0x6e,0x74,0x2e,0x70,0x69,0x78,0x65,0x6c,0x53,0x69,0x7a,0x65,
  0x3a,0x20,0x31,0x37,0x3b,0x20,0x66,0x6f,0x6e,0x74,0x2e,0x62,0x6f,0x6c,0x64,0x3a,
  0x20,0x74,0x72,0x75,0x65,0x3b,0x20,0x61,0x6e,0x63,0x68,0x6f,0x72,0x73,0x2e,0x68,
  0x6f,0x72,0x69,0x7a,0x6f,0x6e,0x74,0x61,0x6c,0x43,0x65,0x6e,0x74,0x65,0x72,0x3a,
  0x20,0x70,0x61,0x72,0x65,0x6e,0x74,0x2e,0x68,0x6f,0x72,0x69,0x7a,0x6f,0x6e,0x74,
  0x61,0x6c,0x43,0x65,0x6e,0x74,0x65,0x72,0x20,0x7d,0xd,0xa,0x20,0x20,0x20,0x20,
  0x20,0x20,0x20,0x20,0x20,0x20,0x20,0x20,0x54,0x65,0x78,0x74,0x20,0x7b,0x20,0x74,
  0x65,0x78,0x74,0x3a,0x20,0x22,0x45,0x78,0x70,0x65,0x6e,0x73,0x65,0x73,0x20,0x79,
  0x6f,0x75,0x20,0x61,0x64,0x64,0x20,0x77,0x69,0x6c,0x6c,0x20,0x73,0x68,0x6f,0x77,
  0x20,0x75,0x70,0x20,0x68,0x65,0x72,0x65,0x2e,0x22,0x3b,0x20,0x63,0x6f,0x6c,0x6f,
  0x72,0x3a,0x20,0x22,0x23,0x37,0x41,0x38,0x34,0x39,0x38,0x22,0x3b,0x20,0x66,0x6f,
  0x6e,0x74,0x2e,0x70,0x69,0x78,0x65,0x6c,0x53,0x69,0x7a,0x65,0x3a,0x20,0x31,0x32,
  0x3b,0x20,0x61,0x6e,0x63,0x68,0x6f,0x72,0x73,0x2e,0x68,0x6f,0x72,0x69,0x7a,0x6f,
  0x6e,0x74,0x61,0x6c,0x43,0x65,0x6e,0x74,0x65,0x72,0x3a,0x20,0x70,0x61,0x72,0x65,
  0x6e,0x74,0x2e,0x68,0x6f,0x72,0x69,0x7a,0x6f,0x6e,0x74,0x61,0x6c,0x43,0x65,0x6e,
  0x74,0x65,0x72,0x20,0x7d,0xd,0xa,0x20,0x20,0x20,0x20,0x20,0x20,0x20,0x20,0x7d,
  0xd,0xa,0x20,0x20,0x20,0x20,0x20,0x20,0x20,0x20,0x7d,0xd,0xa,0x20,0x20,0x20,
  0x20,0x20,0x20,0x20,0x20,0x4c,0x69,0x73,0x74,0x56,0x69,0x65,0x77,0x20,0x7b,0x20,
  0x77,0x69,0x64,0x74,0x68,0x3a,0x20,0x70,0x61,0x72,0x65,0x6e,0x74,0x2e,0x77,0x69,
  0x64,0x74,0x68,0x3b,0x20,0x68,0x65,0x69,0x67,0x68,0x74,0x3a,0x20,0x70,0x61,0x72,
  0x65,0x6e,0x74,0x2e,0x68,0x65,0x69,0x67,0x68,0x74,0x20,0x2d,0x20,0x32,0x31,0x30,
  0x3b,0x20,0x76,0x69,0x73,0x69,0x62,0x6c,0x65,0x3a,0x20,0x74,0x72,0x61,0x6e,0x73,
  0x61,0x63,0x74,0x69,0x6f,0x6e,0x4d,0x6f,0x64,0x65,0x6c,0x2e,0x63,0x6f,0x75,0x6e,
  0x74,0x20,0x3e,0x20,0x30,0x3b,0x20,0x6d,0x6f,0x64,0x65,0x6c,0x3a,0x20,0x74,0x72,
  0x61,0x6e,0x73,0x61,0x63,0x74,0x69,0x6f,0x6e,0x4d,0x6f,0x64,0x65,0x6c,0x3b,0x20,
  0x73,0x70,0x61,0x63,0x69,0x6e,0x67,0x3a,0x20,0x38,0xd,0xa,0x20,0x20,0x20,0x20,
  0x20,0x20,0x20,0x20,0x20,0x20,0x20,0x20,0x64,0x65,0x6c,0x65,0x67,0x61,0x74,0x65,
  0x3a,0x20,0x52,0x65,0x63,0x74,0x61,0x6e,0x67,0x6c,0x65,0x20,0x7b,0x20,0x77,0x69,
  0x64,0x74,0x68,0x3a,0x20,0x70,0x61,0x72,0x65,0x6e,0x74,0x2e,0x77,0x69,0x64,0x74,
  0x68,0x3b,0x20,0x68,0x65,0x69,0x67,0x68,0x74,0x3a,0x20,0x37,0x32,0x3b,0x20,0x72,
  0x61,0x64,0x69,0x75,0x73,0x3a,0x20,0x31,0x34,0x3b,0x20,0x63,0x6f,0x6c,0x6f,0x72,
  0x3a,0x20,0x22,0x77,0x68,0x69,0x74,0x65,0x22,0x3b,0x20,0x62,0x6f,0x72,0x64,0x65,
  0x72,0x2e,0x63,0x6f,0x6c,0x6f,0x72,0x3a,0x20,0x22,0x23,0x45,0x34,0x45,0x37,0x45,
  0x46,0x22,0x20,0x7d,0xd,0xa,0x20,0x20,0x20,0x20,0x20,0x20,0x20,0x20,0x7d,0xd,
  0xa,0x20,0x20,0x20,0x20,0x7d,0xd,0xa,0x7d,0xd,0xa,
    // SignupPage.qml
  0x0,0x0,0x3,0xc3,
  0x0,
  0x0,0xd,0xbc,0x78,0xda,0xcd,0x56,0x6d,0x6f,0xdb,0x36,0x10,0xfe,0x1e,0x20,0xff,
  0x81,0x75,0xbf,0x38,0x40,0x2b,0x48,0x8e,0xfc,0x12,0x1b,0xc5,0xa6,0xca,0x56,0x61,
  0x20,0x6e,0x5d,0xbb,0x5b,0xb1,0x8f,0x8c,0x74,0xb6,0x88,0x50,0xa4,0x40,0x51,0x71,
  0xd2,0x62,0xff,0x7d,0x47,0xd9,0x96,0x65,0x5b,0xf6,0xba,0xc,0xeb,0x22,0x4,0xb1,
  0xc8,0xe3,0x91,0xcf,0x3d,0xf7,0xe8,0x78,0x2c,0x49,0xa5,0xd2,0xe4,0xb3,0xfe,0x9c,
  0xb3,0xf0,0x9e,0xb4,0x2c,0xa7,0x7d,0x79,0xc1,0xf6,0x26,0x2d,0x5f,0xa,0xad,0x24,
  0xcf,0x36,0xd6,0xcb,0x8b,0xb1,0x86,0x84,0x7c,0xbf,0xbc,0x20,0xf8,0x50,0x11,0xc6,
  0x52,0x65,0xd6,0x82,0x71,0xde,0x27,0x29,0x55,0x20,0xf4,0xda,0x92,0x2a,0x99,0x82,
  0xd2,0x4f,0x24,0xd3,0x8a,0x89,0x25,0xa1,0xb9,0x8e,0x47,0x4a,0x49,0xd5,0x27,0x8d,
  0xc6,0x7a,0xc9,0xc,0x42,0x4d,0xc5,0x92,0x3,0xf9,0x5e,0xbb,0xd1,0x80,0x84,0x92,
  0x17,0xe,0xaf,0x83,0x76,0xd0,0xd,0xde,0x37,0xc8,0x9f,0xc7,0x9e,0x2b,0x16,0xe9,
  0x78,0xeb,0x62,0x15,0xa3,0x1,0x89,0x81,0x2d,0x63,0xdd,0x27,0x2d,0xc7,0x1e,0x90,
  0xa5,0xa2,0x11,0x43,0x63,0x9f,0x7c,0xd8,0xbc,0xa1,0xdb,0xf6,0x75,0xae,0x65,0x8a,
  0xc3,0x54,0x66,0x4c,0x33,0x29,0xfa,0xc4,0xae,0x1c,0x6b,0x7,0x4e,0xb7,0xe5,0xe1,
  0xb1,0xa7,0x97,0x3b,0x95,0xe5,0xce,0xe8,0xda,0xeb,0x15,0xcb,0x37,0x38,0xcd,0xe3,
  0x4b,0x9e,0x27,0xa2,0x12,0x62,0x88,0xdb,0x80,0x1a,0x8b,0x5d,0x98,0x59,0x4a,0x43,
  0xe4,0xa8,0x4f,0xba,0x3b,0x37,0xf3,0x7c,0x81,0x47,0x3,0x55,0xe3,0xf,0x6e,0xef,
  0x2b,0xa0,0x1a,0xc8,0x93,0xcc,0x15,0xa1,0x61,0x28,0x73,0xa1,0x1b,0xbb,0xc3,0x57,
  0x31,0xd3,0x80,0xe3,0x5,0xa6,0xcb,0x4a,0xd9,0x23,0xf0,0x39,0xfb,0x6,0xc8,0x40,
  0x77,0x33,0x77,0x27,0x79,0xd4,0x27,0x5a,0xe5,0x30,0x28,0xa1,0xe0,0x3f,0xf6,0xd,
  0x8d,0x94,0xfb,0x5,0xa8,0x92,0xc6,0x43,0x43,0x35,0xa0,0x63,0x64,0x1e,0x9,0x39,
  0xa0,0xa3,0x22,0xf,0xc,0x56,0x44,0x2e,0x8,0x3c,0x80,0x7a,0x22,0x2a,0x4f,0x1,
  0xac,0xa,0xc8,0xd7,0xfe,0x8d,0xef,0xe,0x83,0x1a,0x98,0x8e,0xfb,0x2f,0x51,0x6d,
  0x5e,0x4f,0xb,0x64,0x42,0x75,0x6c,0x25,0x4c,0x34,0xab,0x4a,0x21,0x6f,0x49,0xc7,
  0x7d,0x43,0x5c,0xd7,0xbe,0xda,0x89,0xc6,0xed,0xa1,0x6,0x4c,0xbe,0xf3,0xc,0xf9,
  0x6b,0x1d,0x73,0x7c,0x27,0x55,0x4,0xca,0x2a,0xa3,0x1a,0xb5,0x47,0xbd,0xc0,0x6e,
  0x3c,0x23,0x82,0x9d,0xb,0xea,0xaa,0x5c,0x85,0xef,0x7b,0x86,0x9,0x55,0x4b,0x66,
  0xb4,0xd6,0xb6,0xcf,0xe8,0x6a,0xff,0xd3,0xd9,0xce,0x26,0x85,0xaf,0x9,0xa4,0x57,
  0x11,0x9a,0x63,0x9f,0xcb,0xe7,0x7,0xd0,0xf8,0xd9,0x52,0xa5,0x21,0xaa,0x26,0xcf,
  0xb9,0x69,0x39,0xd7,0xc3,0x3a,0x8d,0x39,0x47,0x1a,0x3b,0x2f,0x98,0x39,0x1e,0x90,
  0xa7,0x6b,0x29,0x63,0x95,0xc8,0xa4,0xa0,0x1c,0xc1,0x81,0x88,0x4c,0xa9,0x30,0x28,
  0xf7,0x65,0xd3,0xf5,0x7a,0xee,0x4d,0xaf,0x4e,0x36,0x2d,0x93,0xd,0xad,0x65,0x32,
  0xa5,0x51,0x54,0x84,0xd6,0x39,0x7f,0x74,0xf0,0xdb,0xed,0x2d,0xf9,0xe8,0x4d,0x46,
  0xd5,0xfd,0x3b,0x76,0xe7,0x7d,0xcf,0xae,0xdb,0xdf,0xae,0xf9,0x7a,0x8a,0x9,0xe,
  0x1a,0xf3,0x37,0x2f,0x9,0xad,0x3b,0x35,0x60,0xc0,0x23,0x3c,0x9a,0xa1,0xab,0xa0,
  0x9,0x14,0xe3,0xc1,0xf9,0x8a,0xe5,0x62,0x44,0x29,0x47,0x2,0x62,0x3c,0x11,0xd4,
  0x97,0x35,0xea,0x3f,0xc,0x53,0x66,0xb,0xc4,0x28,0x85,0x99,0xf4,0x63,0xd4,0x37,
  0xe0,0xc6,0x65,0x61,0x25,0xef,0xb0,0xb2,0x22,0x1d,0x34,0xbc,0x5f,0x2a,0xac,0xe,
  0x68,0xab,0x7e,0x6,0x5b,0x41,0x3b,0xd5,0x2,0x87,0x55,0xb5,0x17,0xf8,0x75,0x92,
  0x6e,0x8d,0x3a,0xa3,0xe0,0xa0,0x94,0x1d,0xb3,0x39,0x9a,0x78,0xe3,0x5b,0xe2,0xd,
  0x87,0xb3,0xd1,0x7c,0xfe,0x93,0x19,0x85,0x84,0x32,0xfe,0x7c,0x4a,0xd,0x9b,0xbf,
  0xc2,0x23,0x4d,0x52,0xe,0x18,0x77,0xf2,0xc2,0x98,0x9d,0x7a,0xf3,0xf9,0xd7,0x4f,
  0xb3,0xe1,0x4f,0x26,0x35,0xa5,0x59,0xb6,0x42,0xc4,0x3f,0xca,0x2b,0x60,0x95,0x99,
  0xc8,0x8,0x31,0x98,0x9d,0xc6,0x22,0xcd,0xb5,0x35,0xdd,0xec,0x51,0xc7,0xfa,0xe6,
  0x12,0xa3,0xe5,0x41,0x2f,0x8c,0x76,0xff,0xd3,0xc7,0x60,0x3c,0x9b,0x90,0xff,0x89,
  0xfe,0x50,0x8a,0x5,0x53,0xc9,0xf4,0x3f,0xce,0xc2,0xc,0x52,0x4c,0xc3,0x8b,0xcb,
  0x41,0x6d,0x9c,0xeb,0xc4,0x94,0x80,0x6,0xd8,0x63,0x64,0xec,0x8e,0x63,0xac,0xc6,
  0x42,0x5e,0xbd,0x5b,0x23,0xdc,0xb5,0x18,0xdd,0xeb,0xb6,0xeb,0xd5,0x65,0x9,0x6f,
  0xa9,0x95,0xa2,0xe9,0x8e,0x28,0xeb,0x2b,0xe,0xf,0xb1,0xfc,0x70,0x6f,0xe9,0x76,
  0x76,0x5d,0x82,0xd3,0x3a,0x6e,0x3,0x7,0xdb,0xb0,0x4e,0x37,0x7e,0xfb,0x9d,0xdd,
  0xdf,0x34,0x75,0xd5,0xcb,0x95,0x4c,0x64,0x9e,0x81,0x87,0x7e,0x27,0x1b,0x0,0x29,
  0x7c,0x8e,0xfd,0xbb,0xc9,0x26,0x6a,0x6b,0x41,0x9a,0x26,0x87,0x78,0xc3,0x5a,0x19,
  0x5b,0x8a,0x3c,0x6d,0x96,0x17,0x92,0x65,0x50,0xbc,0xa9,0x94,0xd3,0xcd,0xc4,0x5e,
  0x29,0xd8,0xcc,0xd5,0xe9,0xb3,0x30,0x5d,0x5d,0x99,0x8e,0x21,0xbc,0xff,0x1d,0x1b,
  0x40,0x4b,0x41,0x21,0xb9,0x66,0x2c,0x13,0x98,0xd2,0x25,0x60,0x6f,0x5,0x3c,0x83,
  0x3d,0x55,0x6d,0xd1,0x2c,0x41,0xdf,0xd2,0x4c,0x7b,0x5b,0x53,0xf3,0xca,0xc8,0xe3,
  0x74,0x67,0x77,0xc0,0xe9,0x33,0x3a,0xad,0x75,0xbf,0x50,0x2e,0x5c,0xf,0xf,0xcd,
  0xdb,0x96,0xab,0x65,0x97,0x59,0xf2,0x38,0xd2,0x1d,0x3d,0x91,0x98,0x3e,0x60,0x28,
  0x62,0x9b,0xae,0x5f,0x8,0x99,0x23,0xa3,0x84,0x89,0x46,0x9d,0x6,0xea,0x3a,0x96,
  0x7f,0x94,0xbc,0x1d,0xad,0xa9,0x4c,0xd7,0xec,0x5c,0x5e,0xe0,0xdf,0x5f,0x10,0x68,
  0x66,0x6a,
    // LogoutPage.qml
  0x0,0x0,0x2,0xed,
  0x0,
  0x0,0xa,0xc9,0x78,0xda,0xb5,0x56,0x5d,0x6f,0x9b,0x30,0x14,0x7d,0xaf,0xd4,0xff,
  0x60,0xb1,0x97,0x54,0xda,0x50,0xf8,0x70,0x20,0xe1,0x65,0x9,0x9,0x52,0xa5,0xa5,
  0x6b,0xd7,0x6e,0xef,0x2e,0x71,0x13,0xab,0xc6,0x66,0xc6,0x34,0x59,0xa7,0xfe,0xf7,
  0x39,0x69,0x2,0x36,0x61,0x5d,0xc4,0x36,0x14,0x5,0x6c,0xe3,0xfb,0x71,0xce,0xb9,
  0xd7,0x90,0x2c,0xe7,0x42,0x82,0x1b,0x79,0x53,0x92,0xf4,0x11,0xb8,0xb6,0x3,0xcf,
  0xcf,0x88,0x31,0x69,0xc7,0x9c,0x49,0xc1,0x69,0xb1,0x5f,0x3d,0x3f,0xfb,0x82,0x53,
  0x89,0xd8,0x92,0x62,0xf0,0xf3,0xfc,0xc,0xa8,0xb,0xb1,0x74,0xc5,0x45,0x61,0x3f,
  0x10,0x4a,0x47,0x20,0x47,0x2,0x33,0x19,0x81,0x94,0x53,0x2e,0x46,0xc0,0x7a,0x97,
  0xc0,0x24,0x48,0x26,0xd6,0xeb,0xbb,0xda,0x66,0xb0,0x26,0xb,0xb9,0x3a,0x6c,0xb0,
  0x77,0xa3,0x8,0xac,0x30,0x59,0xae,0xe4,0x8,0x38,0x41,0x5f,0xb3,0xe1,0x40,0x27,
  0xf6,0xe0,0xde,0xc6,0xce,0xe,0x5f,0x2b,0xb,0x7,0xcf,0x14,0x3f,0xc8,0xca,0xd0,
  0x76,0x10,0x19,0x4b,0x73,0x24,0x96,0x84,0x8d,0x80,0x3b,0xa8,0xe7,0x25,0xcf,0xab,
  0x1d,0xea,0xd9,0x58,0xa8,0xde,0xf7,0x23,0x50,0xe4,0x28,0x25,0x6c,0xa9,0x2,0x82,
  0xb5,0xf7,0xed,0x75,0x87,0x37,0x52,0x85,0x20,0xd5,0x4d,0x45,0x38,0x41,0xe9,0xa3,
  0xa5,0x5,0x1c,0xf,0x63,0x7f,0x9a,0xa8,0x99,0x7,0x5,0x9f,0x9d,0x93,0xd,0xa6,
  0xb7,0xe4,0x19,0x2b,0x33,0x5e,0x4,0xe6,0xbc,0x2c,0xf0,0x58,0x60,0xa4,0xa5,0x60,
  0x82,0xc7,0x59,0x4c,0x15,0xf8,0x78,0x31,0x2,0x85,0x54,0xa6,0xbf,0x11,0xbc,0xb6,
  0x73,0x9e,0xf7,0x2e,0xc0,0xb,0x78,0x31,0x3,0x69,0x81,0xd4,0xa9,0x71,0x74,0x75,
  0x18,0xe1,0xc,0xc2,0x60,0x6c,0x35,0x2d,0x98,0xa9,0x5c,0xb,0xae,0x82,0xc1,0x5a,
  0x36,0xeb,0x15,0x91,0xb8,0x2d,0x17,0xb8,0x9f,0xbb,0xe7,0x54,0x45,0x2a,0x45,0x89,
  0x75,0xd3,0xda,0x63,0xcc,0x69,0x99,0x31,0x2d,0x5d,0xf5,0x47,0x9e,0xd5,0x56,0x44,
  0x63,0x95,0x30,0x16,0x15,0x17,0xcd,0x85,0x9a,0x98,0x7b,0x2e,0x25,0xcf,0xaa,0x17,
  0x5f,0x87,0xcd,0xe5,0x8a,0x3a,0x57,0xa3,0xe,0xfe,0x11,0x30,0x18,0xd6,0x88,0x6d,
  0x9f,0x5,0x5a,0x90,0xb2,0x50,0x66,0x86,0x1a,0x7a,0xe3,0x70,0xe8,0xce,0x3c,0x2b,
  0xea,0x92,0xc4,0x15,0x7a,0xba,0x4c,0xf9,0x16,0x1,0x86,0x32,0x5,0x9d,0xa5,0x14,
  0x20,0x94,0xa9,0x42,0xd5,0xd6,0x23,0x8e,0x1b,0x3a,0xaf,0x5d,0xa4,0xbb,0xfd,0x97,
  0xec,0x60,0xfa,0x98,0x7e,0x93,0xbc,0x29,0xf9,0x81,0x4e,0x60,0x6e,0xab,0x8a,0x6,
  0x73,0x1d,0xd2,0x6a,0x21,0x7b,0x7f,0xab,0xf8,0xde,0xe3,0x3b,0x47,0x72,0x65,0x67,
  0x84,0xf5,0xf4,0x62,0x7,0x1f,0x80,0x1f,0xbe,0x7,0xb0,0xdf,0xbf,0x88,0xfe,0x46,
  0x18,0x27,0x95,0x72,0x5f,0x17,0x84,0xe3,0x6b,0x9d,0xe4,0xd4,0x8e,0x14,0x68,0xba,
  0x70,0x6,0xc7,0x18,0xdf,0x73,0xb1,0xc0,0xc2,0xae,0xe4,0x32,0xf3,0x67,0xc1,0x2c,
  0xb1,0x4c,0xb6,0x8e,0xa,0xe1,0xc4,0xd6,0xe5,0x84,0xf5,0xfc,0x13,0x16,0x92,0xa4,
  0x47,0x0,0x99,0xd3,0x5a,0xb6,0xbe,0x19,0xc2,0xb1,0x68,0x16,0x4a,0x34,0x1f,0xf1,
  0x6,0x65,0x39,0xc5,0x2a,0xfe,0x4c,0x6f,0x64,0x9e,0xe3,0x4d,0x20,0x6c,0x2b,0x7e,
  0xff,0xcd,0xe2,0xff,0x4d,0x6f,0xc1,0xa2,0xe0,0xc,0x51,0x80,0xd2,0x94,0x97,0x4c,
  0xea,0x9e,0x82,0x71,0xe8,0xf,0xc3,0x36,0x4f,0x6e,0xd3,0x70,0x7b,0x93,0x31,0x5d,
  0x8d,0xe3,0xf8,0xf3,0xd7,0xab,0x3b,0xdd,0xc3,0x60,0x10,0xf4,0xc3,0xa0,0xcd,0x43,
  0x5b,0x39,0xec,0x26,0x28,0x96,0xa,0xcc,0xdb,0x4a,0x38,0xba,0xbf,0x93,0x95,0x3,
  0x7,0x9a,0x72,0xfc,0x8e,0xca,0x31,0xb3,0x9b,0x2d,0x88,0x4,0x79,0xd5,0xa9,0xff,
  0xbf,0x9a,0xaa,0xe0,0xdc,0xc0,0xeb,0xfb,0xe3,0x6e,0x82,0x30,0x73,0x98,0x23,0x86,
  0x96,0x7a,0xf4,0xe2,0x15,0xae,0x7d,0x4,0xbb,0x51,0x63,0xf1,0x5f,0x24,0x30,0x98,
  0xfa,0x71,0xec,0xb7,0xea,0xac,0xfb,0xd1,0x5c,0x16,0xab,0xde,0x8e,0x94,0xfd,0xe9,
  0x69,0x7f,0xcf,0xa8,0xd5,0x38,0xac,0xbb,0x48,0xc7,0xd7,0x9b,0x8e,0xab,0x7f,0x55,
  0x25,0x89,0x93,0x78,0x2d,0xe2,0x49,0xbc,0x38,0x9e,0x7a,0x6f,0x8a,0xe7,0x96,0x2c,
  0x19,0xe0,0xa5,0x51,0x7d,0x93,0xc0,0xd,0x7d,0xf7,0x34,0x5a,0xdf,0x3a,0x9e,0x4c,
  0xbf,0x1d,0xe1,0x14,0x38,0xa7,0x28,0xc5,0x3d,0xeb,0x13,0x57,0x74,0x5f,0x2b,0x95,
  0x1c,0xf0,0x6c,0x3b,0x70,0xd4,0xef,0x17,0x52,0xea,0x61,0x70,
    // CategoryCard.qml
  0x0,0x0,0x2,0x79,
  0x69,
  0x6d,0x70,0x6f,0x72,0x74,0x20,0x51,0x74,0x51,0x75,0x69,0x63,0x6b,0x20,0x32,0x2e,
  0x31,0x35,0xd,0xa,0x52,0x65,0x63,0x74,0x61,0x6e,0x67,0x6c,0x65,0x20,0x7b,0xd,
  0xa,0x77,0x69,0x64,0x74,0x68,0x3a,0x20,0x31,0x35,0x30,0xd,0xa,0x68,0x65,0x69,
  0x67,0x68,0x74,0x3a,0x20,0x37,0x35,0xd,0xa,0x72,0x61,0x64,0x69,0x75,0x73,0x3a,
  0x20,0x31,0x34,0xd,0xa,0x63,0x6f,0x6c,0x6f,0x72,0x3a,0x20,0x22,0x23,0x45,0x39,
  0x46,0x39,0x45,0x35,0x22,0xd,0xa,0x62,0x6f,0x72,0x64,0x65,0x72,0x2e,0x63,0x6f,
  0x6c,0x6f,0x72,0x3a,0x20,0x22,0x23,0x61,0x35,0x64,0x36,0x61,0x37,0x22,0xd,0xa,
  0x62,0x6f,0x72,0x64,0x65,0x72,0x2e,0x77,0x69,0x64,0x74,0x68,0x3a,0x20,0x31,0xd,
  0xa,0x70,0x72,0x6f,0x70,0x65,0x72,0x74,0x79,0x20,0x73,0x74,0x72,0x69,0x6e,0x67,
  0x20,0x63,0x61,0x74,0x65,0x67,0x6f,0x72,0x79,0x4e,0x61,0x6d,0x65,0x3a,0x20,0x22,
  0x22,0xd,0xa,0x70,0x72,0x6f,0x70,0x65,0x72,0x74,0x79,0x20,0x73,0x74,0x72,0x69,
  0x6e,0x67,0x20,0x61,0x6d,0x6f,0x75,0x6e,0x74,0x3a,0x20,0x22,0x22,0xd,0xa,0x43,
  0x6f,0x6c,0x75,0x6d,0x6e,0x20,0x7b,0xd,0xa,0x61,0x6e,0x63,0x68,0x6f,0x72,0x73,
  0x2e,0x63,0x65,0x6e,0x74,0x65,0x72,0x49,0x6e,0x3a,0x20,0x70,0x61,0x72,0x65,0x6e,
  0x74,0xd,0xa,0x73,0x70,0x61,0x63,0x69,0x6e,0x67,0x3a,0x20,0x35,0xd,0xa,0x2f,
  0x2f,0x20,0x63,0x61,0x74,0x65,0x67,0x6f,0x72,0x79,0x20,0x6e,0x61,0x6d,0x65,0x20,
  0x64,0x69,0x73,0x70,0x6c,0x61,0x79,0xd,0xa,0x54,0x65,0x78,0x74,0x20,0x7b,0xd,
  0xa,0x74,0x65,0x78,0x74,0x3a,0x20,0x63,0x61,0x74,0x65,0x67,0x6f,0x72,0x79,0x4e,
  0x61,0x6d,0x65,0x20,0x21,0x3d,0x3d,0x20,0x22,0x22,0x20,0x3f,0x20,0x63,0x61,0x74,
  0x65,0x67,0x6f,0x72,0x79,0x4e,0x61,0x6d,0x65,0x20,0x3a,0x20,0x22,0xe2,0x80,0x94,
  0x22,0xd,0xa,0x63,0x6f,0x6c,0x6f,0x72,0x3a,0x20,0x22,0x23,0x35,0x34,0x33,0x44,
  0x36,0x46,0x22,0xd,0xa,0x66,0x6f,0x6e,0x74,0x2e,0x70,0x69,0x78,0x65,0x6c,0x53,
  0x69,0x7a,0x65,0x3a,0x20,0x31,0x33,0xd,0xa,0x66,0x6f,0x6e,0x74,0x2e,0x62,0x6f,
  0x6c,0x64,0x3a,0x20,0x74,0x72,0x75,0x65,0xd,0xa,0x61,0x6e,0x63,0x68,0x6f,0x72,
  0x73,0x2e,0x68,0x6f,0x72,0x69,0x7a,0x6f,0x6e,0x74,0x61,0x6c,0x43,0x65,0x6e,0x74,
  0x65,0x72,0x3a,0x20,0x70,0x61,0x72,0x65,0x6e,0x74,0x2e,0x68,0x6f,0x72,0x69,0x7a,
  0x6f,0x6e,0x74,0x61,0x6c,0x43,0x65,0x6e,0x74,0x65,0x72,0xd,0xa,0x7d,0xd,0xa,
  0x2f,0x2f,0x20,0x41,0x6d,0x6f,0x75,0x6e,0x74,0x20,0x64,0x69,0x73,0x70,0x6c,0x61,
  0x79,0x20,0x77,0x69,0x74,0x68,0x20,0x52,0x73,0x20,0x70,0x72,0x65,0x66,0x69,0x78,
  0xd,0xa,0x54,0x65,0x78,0x74,0x20,0x7b,0xd,0xa,0x74,0x65,0x78,0x74,0x3a,0x20,
  0x61,0x6d,0x6f,0x75,0x6e,0x74,0x20,0x21,0x3d,0x3d,0x20,0x22,0x22,0x20,0x3f,0x20,
  0x22,0x52,0x73,0x22,0x20,0x2b,0x20,0x61,0x6d,0x6f,0x75,0x6e,0x74,0x20,0x3a,0x20,
  0x22,0x52,0x73,0x30,0x22,0xd,0xa,0x63,0x6f,0x6c,0x6f,0x72,0x3a,0x20,0x22,0x23,
  0x35,0x34,0x33,0x44,0x36,0x46,0x22,0xd,0xa,0x66,0x6f,0x6e,0x74,0x2e,0x70,0x69,
  0x78,0x65,0x6c,0x53,0x69,0x7a,0x65,0x3a,0x20,0x31,0x38,0xd,0xa,0x66,0x6f,0x6e,
  0x74,0x2e,0x62,0x6f,0x6c,0x64,0x3a,0x20,0x74,0x72,0x75,0x65,0xd,0xa,0x61,0x6e,
  0x63,0x68,0x6f,0x72,0x73,0x2e,0x68,0x6f,0x72,0x69,0x7a,0x6f,0x6e,0x74,0x61,0x6c,
  0x43,0x65,0x6e,0x74,0x65,0x72,0x3a,0x20,0x70,0x61,0x72,0x65,0x6e,0x74,0x2e,0x68,
  0x6f,0x72,0x69,0x7a,0x6f,0x6e,0x74,0x61,0x6c,0x43,0x65,0x6e,0x74,0x65,0x72,0xd,
  0xa,0x7d,0xd,0xa,0x7d,0xd,0xa,0x7d,
    // SummaryPage.qml
  0x0,0x0,0x3,0x20,
  0x0,
  0x0,0xd,0xc,0x78,0xda,0xdd,0x56,0x5d,0x6f,0xda,0x30,0x14,0x7d,0x47,0xe2,0x3f,
  0xdc,0xb1,0x97,0x6d,0xf,0x69,0xf8,0x8,0xa3,0xa0,0x69,0x2,0xa,0xd3,0x1e,0x3a,
  0xb5,0x5,0xed,0xdd,0x24,0x26,0xb1,0x6a,0x62,0xcb,0x76,0xda,0xd2,0x8a,0xd7,0x3d,
  0xef,0x37,0xee,0x97,0xec,0x3a,0x84,0x10,0x20,0x65,0x5d,0x35,0x69,0x12,0x52,0x4,
  0xb6,0x63,0xdf,0x8f,0x73,0xee,0x71,0x2e,0x5b,0x48,0xa1,0xc,0x5c,0x9b,0xeb,0x84,
  0xf9,0xb7,0xd0,0x70,0xea,0x5e,0xb5,0xc2,0x76,0x16,0x9d,0xa1,0x88,0x8d,0x12,0x5c,
  0x67,0x6f,0xaf,0x48,0x48,0xe1,0xa9,0x5a,0x21,0xb1,0x1f,0x9,0xa5,0x9d,0x39,0xe3,
  0xbc,0xb,0x92,0x28,0x1a,0x9b,0x6a,0xe5,0x86,0xfa,0x86,0xc4,0x21,0x3f,0xb2,0xc5,
  0x17,0x5c,0xa8,0x2e,0xd4,0xde,0x8e,0xbd,0xf1,0x78,0xec,0xd5,0xaa,0x95,0xa1,0xe0,
  0xc9,0x22,0x7e,0xfe,0x84,0x96,0xc4,0x67,0x71,0xd8,0x85,0x86,0x5b,0xad,0x48,0x12,
  0x4,0xf9,0xe4,0xec,0xc,0x8c,0x90,0x10,0x51,0x12,0x50,0x5,0x1a,0x9d,0x33,0x11,
  0xef,0x45,0x71,0xcf,0x2,0x13,0x6d,0x8c,0x39,0xe9,0xac,0x5a,0x89,0x28,0xb,0x23,
  0xd3,0x85,0x8e,0x5b,0x8,0xc8,0x6b,0x35,0x2f,0xda,0x63,0xc,0x28,0x54,0x24,0x60,
  0xb8,0xbb,0xb,0x5f,0xb2,0x91,0x35,0xb4,0x19,0x4f,0xac,0xcb,0x27,0x90,0x42,0x33,
  0xeb,0xae,0xb,0xae,0xe3,0xf6,0x60,0xdf,0xa,0xac,0x8e,0x9c,0xa8,0xef,0x9c,0x18,
  0x9d,0x8f,0xcf,0x47,0x5e,0x7a,0x62,0x65,0x73,0x92,0x16,0x62,0xc3,0xc,0xa7,0xd5,
  0xca,0x94,0x3e,0xa4,0xce,0xd,0xfe,0xe3,0xde,0x49,0xb2,0x58,0x10,0xb5,0xac,0x6d,
  0xa3,0xbe,0x8f,0x98,0xa1,0x38,0x9f,0x23,0x4d,0x8e,0x64,0xf,0x94,0x4f,0xd8,0x23,
  0x45,0x78,0x5a,0xd9,0xda,0x4c,0xf0,0xa0,0xb,0x46,0x25,0x74,0x8b,0xaf,0x8f,0x41,
  0x51,0xf5,0x35,0xde,0x62,0xbc,0x2a,0x47,0xad,0xd9,0xee,0xc1,0x6,0x2b,0x3b,0xb6,
  0x9,0x25,0x1a,0x13,0xe8,0xec,0x47,0xd0,0x3,0x61,0x69,0x32,0x4b,0x8b,0x47,0xc7,
  0xdb,0xfa,0xe2,0x74,0x6e,0x72,0xf8,0xed,0x64,0xf7,0xd5,0x25,0x51,0x21,0xb3,0x90,
  0xb4,0xb7,0xeb,0x77,0x54,0x19,0xe6,0x13,0x3e,0x4c,0xc3,0xcc,0xf,0xef,0x2e,0x1f,
  0x60,0xf3,0xeb,0xc7,0xcf,0x5a,0x19,0x9b,0xfb,0xc8,0xd4,0x3b,0x3d,0xf8,0x3b,0x64,
  0x52,0x56,0x62,0x72,0xc7,0x42,0x62,0xf9,0x83,0x19,0x41,0xef,0x97,0x22,0xd1,0xb4,
  0xaf,0x28,0x79,0xbe,0x70,0x45,0x3c,0xe4,0x28,0x21,0x8a,0x5e,0xb4,0x21,0xfe,0xed,
  0x77,0x46,0xef,0x1d,0x29,0xe4,0xbb,0xf7,0x1b,0xb3,0x7f,0xaa,0x54,0xf8,0x90,0xa1,
  0xb9,0x21,0xa1,0x5e,0xc7,0x8a,0xcd,0x59,0x68,0x17,0xf2,0xfd,0x38,0xf0,0x46,0xfd,
  0x7a,0x6d,0x1b,0xb,0xfe,0xb0,0x47,0xcc,0xf3,0x0,0xc7,0xfd,0x17,0x65,0xa,0x3c,
  0xc4,0x21,0x57,0x61,0xfb,0x0,0xf9,0xa9,0x40,0x5b,0x30,0x91,0x56,0x28,0xd3,0x88,
  0x69,0xb8,0x44,0xeb,0xd1,0xb,0x8a,0xb4,0xde,0xca,0xc0,0x25,0xb,0x91,0xe0,0xe1,
  0x80,0x69,0xc9,0xc9,0xf2,0xc0,0xc1,0x8d,0x46,0x8d,0xb9,0x2f,0x30,0xd8,0x6c,0x94,
  0x54,0xfd,0x6a,0xf3,0xec,0x59,0x1d,0x2c,0x61,0x48,0xc,0xd,0x45,0x2a,0xa8,0xc3,
  0x32,0x29,0x31,0x85,0x42,0xbe,0x2a,0x5e,0x40,0xaf,0xc0,0x3a,0xbd,0x17,0x58,0x60,
  0xe3,0xf0,0x53,0xd8,0x91,0xc8,0x46,0x1,0xde,0xe6,0xeb,0xcc,0x96,0x55,0x52,0xc3,
  0x75,0xb,0x95,0xe3,0x16,0x2b,0x7,0x3d,0x4a,0x25,0x24,0x2a,0x6a,0x9,0x33,0x21,
  0x38,0x44,0x2,0xe5,0x65,0x2b,0x75,0x4e,0xb8,0xa6,0x39,0xd2,0xd9,0x32,0x7c,0xc6,
  0xa,0x6b,0x5e,0x34,0x6,0x5e,0xab,0x6,0x3b,0xea,0xda,0xc3,0x74,0x2c,0x44,0x50,
  0xc2,0xd3,0x51,0x79,0xbd,0x40,0x49,0x69,0x18,0xa3,0x98,0xcc,0x38,0xcd,0xb9,0x10,
  0xf1,0xc8,0x1a,0xb3,0xb,0x39,0x2a,0xeb,0x60,0x3f,0x6d,0x77,0x3c,0xa0,0xff,0xb2,
  0xd,0x59,0x96,0x5,0x85,0xfa,0x22,0xd6,0x82,0x53,0x87,0x8b,0xf0,0x5d,0x9a,0x6,
  0xf8,0xeb,0x57,0xb5,0xb5,0x5a,0x7,0x34,0xc2,0x1b,0x40,0x28,0xc0,0xb,0x20,0x4d,
  0xcf,0x46,0x3b,0xb4,0x83,0x7e,0xcc,0x16,0xeb,0x8b,0xe1,0x9,0x82,0x44,0x91,0xec,
  0x8e,0xf7,0x5c,0x58,0x1d,0xd3,0xf9,0x7f,0x60,0x67,0xaa,0x48,0xac,0xed,0xd7,0xfd,
  0x4,0x28,0xca,0x73,0x39,0x41,0x9e,0x26,0x91,0x90,0x12,0x6f,0x83,0x13,0xa0,0x69,
  0x93,0xca,0x9,0xb2,0x34,0x40,0x60,0xf5,0x9,0x50,0x94,0xe6,0xf1,0x2f,0xf9,0x49,
  0x3f,0xe9,0x74,0x21,0x11,0x6f,0xec,0x7b,0xb0,0x99,0x5d,0x50,0xad,0xf1,0xff,0x0,
  0xc1,0x6f,0x2,0x2,0x62,0x8,0x2c,0xa9,0x71,0xa0,0x1f,0x4,0x40,0x1f,0xb0,0x89,
  0xd0,0x54,0x63,0x5b,0x8f,0xed,0x3c,0x5,0xbd,0xee,0x77,0xdf,0x14,0x50,0xc6,0xe6,
  0x7c,0xf9,0x4c,0x2b,0xf1,0xba,0xaf,0x71,0xf6,0xfc,0x6,0xcb,0xed,0x37,0x49,
    // EditProfile.qml
  0x0,0x0,0x9,0xba,
  0x69,
  0x6d,0x70,0x6f,0x72,0x74,0x20,0x51,0x74,0x51,0x75,0x69,0x63,0x6b,0x20,0x32,0x2e,
  0x31,0x35,0xd,0xa,0x69,0x6d,0x70,0x6f,0x72,0x74,0x20,0x51,0x74,0x51,0x75,0x69,
  0x63,0x6b,0x2e,0x43,0x6f,0x6e,0x74,0x72,0x6f,0x6c,0x73,0x20,0x32,0x2e,0x31,0x35,
  0xd,0xa,0xd,0xa,0x52,0x65,0x63,0x74,0x61,0x6e,0x67,0x6c,0x65,0x20,0x7b,0xd,
  0xa,0x20,0x20,0x20,0x20,0x69,0x64,0x3a,0x20,0x70,0x61,0x67,0x65,0x3b,0x20,0x61,
  0x6e,0x63,0x68,0x6f,0x72,0x73,0x2e,0x66,0x69,0x6c,0x6c,0x3a,0x20,0x70,0x61,0x72,
  0x65,0x6e,0x74,0x3b,0x20,0x63,0x6f,0x6c,0x6f,0x72,0x3a,0x20,0x22,0x23,0x46,0x35,
  0x46,0x37,0x46,0x42,0x22,0x3b,0x20,0x70,0x72,0x6f,0x70,0x65,0x72,0x74,0x79,0x20,
  0x73,0x74,0x72,0x69,0x6e,0x67,0x20,0x65,0x72,0x72,0x6f,0x72,0x4d,0x65,0x73,0x73,
  0x61,0x67,0x65,0x3a,0x20,0x22,0x22,0xd,0xa,0x20,0x20,0x20,0x20,0x52,0x65,0x63,
  0x74,0x61,0x6e,0x67,0x6c,0x65,0x20,0x7b,0x20,0x77,0x69,0x64,0x74,0x68,0x3a,0x20,
  0x70,0x61,0x72,0x65,0x6e,0x74,0x2e,0x77,0x69,0x64,0x74,0x68,0x3b,0x20,0x68,0x65,
  0x69,0x67,0x68,0x74,0x3a,0x20,0x31,0x30,0x34,0x3b,0x20,0x63,0x6f,0x6c,0x6f,0x72,
  0x3a,0x20,0x22,0x23,0x31,0x35,0x31,0x43,0x33,0x35,0x22,0xd,0xa,0x20,0x20,0x20,
  0x20,0x20,0x20,0x20,0x20,0x52,0x6f,0x77,0x20,0x7b,0x20,0x61,0x6e,0x63,0x68,0x6f,
  0x72,0x73,0x2e,0x6c,0x65,0x66,0x74,0x3a,0x20,0x70,0x61,0x72,0x65,0x6e,0x74,0x2e,
  0x6c,0x65,0x66,0x74,0x3b,0x20,0x61,0x6e,0x63,0x68,0x6f,0x72,0x73,0x2e,0x6c,0x65,
  0x66,0x74,0x4d,0x61,0x72,0x67,0x69,0x6e,0x3a,0x20,0x32,0x36,0x3b,0x20,0x61,0x6e,
  0x63,0x68,0x6f,0x72,0x73,0x2e,0x76,0x65,0x72,0x74,0x69,0x63,0x61,0x6c,0x43,0x65,
  0x6e,0x74,0x65,0x72,0x3a,0x20,0x70,0x61,0x72,0x65,0x6e,0x74,0x2e,0x76,0x65,0x72,
  0x74,0x69,0x63,0x61,0x6c,0x43,0x65,0x6e,0x74,0x65,0x72,0x3b,0x20,0x73,0x70,0x61,
  0x63,0x69,0x6e,0x67,0x3a,0x20,0x31,0x35,0xd,0xa,0x20,0x20,0x20,0x20,0x20,0x20,
  0x20,0x20,0x20,0x20,0x20,0x20,0x54,0x65,0x78,0x74,0x20,0x7b,0x20,0x74,0x65,0x78,
  0x74,0x3a,0x20,0x22,0x42,0x61,0x63,0x6b,0x22,0x3b,0x20,0x63,0x6f,0x6c,0x6f,0x72,
  0x3a,0x20,0x22,0x23,0x43,0x39,0x43,0x34,0x44,0x46,0x22,0x3b,0x20,0x66,0x6f,0x6e,
  0x74,0x2e,0x70,0x69,0x78,0x65,0x6c,0x53,0x69,0x7a,0x65,0x3a,0x20,0x31,0x33,0x3b,
  0x20,0x4d,0x6f,0x75,0x73,0x65,0x41,0x72,0x65,0x61,0x20,0x7b,0x20,0x61,0x6e,0x63,
  0x68,0x6f,0x72,0x73,0x2e,0x66,0x69,0x6c,0x6c,0x3a,0x20,0x70,0x61,0x72,0x65,0x6e,
  0x74,0x3b,0x20,0x6f,0x6e,0x43,0x6c,0x69,0x63,0x6b,0x65,0x64,0x3a,0x20,0x73,0x74,
  0x61,0x63,0x6b,0x56,0x69,0x65,0x77,0x2e,0x70,0x6f,0x70,0x28,0x29,0x20,0x7d,0x20,
  0x7d,0xd,0xa,0x20,0x20,0x20,0x20,0x20,0x20,0x20,0x20,0x20,0x20,0x20,0x20,0x52,
  0x65,0x63,0x74,0x61,0x6e,0x67,0x6c,0x65,0x20,0x7b,0x20,0x77,0x69,0x64,0x74,0x68,
  0x3a,0x20,0x31,0x3b,0x20,0x68,0x65,0x69,0x67,0x68,0x74,0x3a,0x20,0x32,0x30,0x3b,
  0x20,0x63,0x6f,0x6c,0x6f,0x72,0x3a,0x20,0x22,0x23,0x35,0x45,0x35,0x35,0x37,0x41,
  0x22,0x20,0x7d,0xd,0xa,0x20,0x20,0x20,0x20,0x20,0x20,0x20,0x20,0x20,0x20,0x20,
  0x20,0x43,0x6f,0x6c,0x75,0x6d,0x6e,0x20,0x7b,0x20,0x73,0x70,0x61,0x63,0x69,0x6e,
  0x67,0x3a,0x20,0x33,0xd,0xa,0x20,0x20,0x20,0x20,0x20,0x20,0x20,0x20,0x20,0x20,
  0x20,0x20,0x20,0x20,0x20,0x20,0x54,0x65,0x78,0x74,0x20,0x7b,0x20,0x74,0x65,0x78,
  0x74,0x3a,0x20,0x22,0x45,0x64,0x69,0x74,0x20,0x70,0x72,0x6f,0x66,0x69,0x6c,0x65,
  0x22,0x3b,0x20,0x63,0x6f,0x6c,0x6f,0x72,0x3a,0x20,0x22,0x77,0x68,0x69,0x74,0x65,
  0x22,0x3b,0x20,0x66,0x6f,0x6e,0x74,0x2e,0x70,0x69,0x78,0x65,0x6c,0x53,0x69,0x7a,
  0x65,0x3a,0x20,0x32,0x34,0x3b,0x20,0x66,0x6f,0x6e,0x74,0x2e,0x62,0x6f,0x6c,0x64,
  0x3a,0x20,0x74,0x72,0x75,0x65,0x20,0x7d,0xd,0xa,0x20,0x20,0x20,0x20,0x20,0x20,
  0x20,0x20,0x20,0x20,0x20,0x20,0x20,0x20,0x20,0x20,0x54,0x65,0x78,0x74,0x20,0x7b,
  0x20,0x74,0x65,0x78,0x74,0x3a,0x20,0x22,0x55,0x70,0x64,0x61,0x74,0x65,0x20,0x68,
  0x6f,0x77,0x20,0x79,0x6f,0x75,0x72,0x20,0x61,0x63,0x63,0x6f,0x75,0x6e,0x74,0x20,
  0x61,0x70,0x70,0x65,0x61,0x72,0x73,0x2e,0x22,0x3b,0x20,0x63,0x6f,0x6c,0x6f,0x72,
  0x3a,0x20,0x22,0x23,0x42,0x38,0x42,0x32,0x43,0x43,0x22,0x3b,0x20,0x66,0x6f,0x6e,
  0x74,0x2e,0x70,0x69,0x78,0x65,0x6c,0x53,0x69,0x7a,0x65,0x3a,0x20,0x31,0x32,0x20,
  0x7d,0xd,0xa,0x20,0x20,0x20,0x20,0x20,0x20,0x20,0x20,0x20,0x20,0x20,0x20,0x7d,
  0xd,0xa,0x20,0x20,0x20,0x20,0x20,0x20,0x20,0x20,0x7d,0xd,0xa,0x20,0x20,0x20,
  0x20,0x7d,0xd,0xa,0x20,0x20,0x20,0x20,0x43,0x6f,0x6c,0x75,0x6d,0x6e,0x20,0x7b,
  0x20,0x77,0x69,0x64,0x74,0x68,0x3a,0x20,0x4d,0x61,0x74,0x68,0x2e,0x6d,0x69,0x6e,
  0x28,0x70,0x61,0x72,0x65,0x6e,0x74,0x2e,0x77,0x69,0x64,0x74,0x68,0x20,0x2d,0x20,
  0x34,0x38,0x2c,0x20,0x35,0x30,0x30,0x29,0x3b,0x20,0x61,0x6e,0x63,0x68,0x6f,0x72,
  0x73,0x2e,0x68,0x6f,0x72,0x69,0x7a,0x6f,0x6e,0x74,0x61,0x6c,0x43,0x65,0x6e,0x74,
  0x65,0x72,0x3a,0x20,0x70,0x61,0x72,0x65,0x6e,0x74,0x2e,0x68,0x6f,0x72,0x69,0x7a,
  0x6f,0x6e,0x74,0x61,0x6c,0x43,0x65,0x6e,0x74,0x65,0x72,0x3b,0x20,0x61,0x6e,0x63,
  0x68,0x6f,0x72,0x73,0x2e,0x74,0x6f,0x70,0x3a,0x20,0x70,0x61,0x72,0x65,0x6e,0x74,
  0x2e,0x74,0x6f,0x70,0x3b,0x20,0x61,0x6e,0x63,0x68,0x6f,0x72,0x73,0x2e,0x74,0x6f,
  0x70,0x4d,0x61,0x72,0x67,0x69,0x6e,0x3a,0x20,0x31,0x33,0x38,0x3b,0x20,0x73,0x70,
  0x61,0x63,0x69,0x6e,0x67,0x3a,0x20,0x31,0x32,0xd,0xa,0x20,0x20,0x20,0x20,0x20,
  0x20,0x20,0x20,0x52,0x65,0x63,0x74,0x61,0x6e,0x67,0x6c,0x65,0x20,0x7b,0x20,0x77,
  0x69,0x64,0x74,0x68,0x3a,0x20,0x70,0x61,0x72,0x65,0x6e,0x74,0x2e,0x77,0x69,0x64,
  0x74,0x68,0x3b,0x20,0x68,0x65,0x69,0x67,0x68,0x74,0x3a,0x20,0x32,0x37,0x30,0x3b,
  0x20,0x72,0x61,0x64,0x69,0x75,0x73,0x3a,0x20,0x31,0x38,0x3b,0x20,0x63,0x6f,0x6c,
  0x6f,0x72,0x3a,0x20,0x22,0x77,0x68,0x69,0x74,0x65,0x22,0x3b,0x20,0x62,0x6f,0x72,
  0x64,0x65,0x72,0x2e,0x63,0x6f,0x6c,0x6f,0x72,0x3a,0x20,0x22,0x23,0x45,0x34,0x45,
  0x37,0x45,0x46,0x22,0xd,0xa,0x20,0x20,0x20,0x20,0x20,0x20,0x20,0x20,0x20,0x20,
  0x20,0x20,0x43,0x6f,0x6c,0x75,0x6d,0x6e,0x20,0x7b,0x20,0x61,0x6e,0x63,0x68,0x6f,
  0x72,0x73,0x2e,0x66,0x69,0x6c,0x6c,0x3a,0x20,0x70,0x61,0x72,0x65,0x6e,0x74,0x3b,
  0x20,0x61,0x6e,0x63,0x68,0x6f,0x72,0x73,0x2e,0x6d,0x61,0x72,0x67,0x69,0x6e,0x73,
  0x3a,0x20,0x32,0x32,0x3b,0x20,0x73,0x70,0x61,0x63,0x69,0x6e,0x67,0x3a,0x20,0x31,
  0x30,0xd,0xa,0x20,0x20,0x20,0x20,0x20,0x20,0x20,0x20,0x20,0x20,0x20,0x20,0x20,
  0x20,0x20,0x20,0x54,0x65,0x78,0x74,0x20,0x7b,0x20,0x74,0x65,0x78,0x74,0x3a,0x20,
  0x22,0x50,0x45,0x52,0x53,0x4f,0x4e,0x41,0x4c,0x20,0x44,0x45,0x54,0x41,0x49,0x4c,
  0x53,0x22,0x3b,0x20,0x63,0x6f,0x6c,0x6f,0x72,0x3a,0x20,0x22,0x23,0x36,0x36,0x37,
  0x30,0x38,0x37,0x22,0x3b,0x20,0x66,0x6f,0x6e,0x74,0x2e,0x70,0x69,0x78,0x65,0x6c,
  0x53,0x69,0x7a,0x65,0x3a,0x20,0x31,0x30,0x3b,0x20,0x66,0x6f,0x6e,0x74,0x2e,0x62,
  0x6f,0x6c,0x64,0x3a,0x20,0x74,0x72,0x75,0x65,0x3b,0x20,0x66,0x6f,0x6e,0x74,0x2e,
  0x6c,0x65,0x74,0x74,0x65,0x72,0x53,0x70,0x61,0x63,0x69,0x6e,0x67,0x3a,0x20,0x31,
  0x20,0x7d,0xd,0xa,0x20,0x20,0x20,0x20,0x20,0x20,0x20,0x20,0x20,0x20,0x20,0x20,
  0x20,0x20,0x20,0x20,0x54,0x65,0x78,0x74,0x20,0x7b,0x20,0x74,0x65,0x78,0x74,0x3a,
  0x20,0x22,0x46,0x55,0x4c,0x4c,0x20,0x4e,0x41,0x4d,0x45,0x22,0x3b,0x20,0x63,0x6f,
  0x6c,0x6f,0x72,0x3a,0x20,0x22,0x23,0x36,0x36,0x37,0x30,0x38,0x37,0x22,0x3b,0x20,
  0x66,0x6f,0x6e,0x74,0x2e,0x70,0x69,0x78,0x65,0x6c,0x53,0x69,0x7a,0x65,0x3a,0x20,
  0x31,0x30,0x3b,0x20,0x66,0x6f,0x6e,0x74,0x2e,0x62,0x6f,0x6c,0x64,0x3a,0x20,0x74,
  0x72,0x75,0x65,0x3b,0x20,0x66,0x6f,0x6e,0x74,0x2e,0x6c,0x65,0x74,0x74,0x65,0x72,
  0x53,0x70,0x61,0x63,0x69,0x6e,0x67,0x3a,0x20,0x31,0x20,0x7d,0xd,0xa,0x20,0x20,
  0x20,0x20,0x20,0x20,0x20,0x20,0x20,0x20,0x20,0x20,0x20,0x20,0x20,0x20,0x54,0x65,
  0x78,0x74,0x46,0x69,0x65,0x6c,0x64,0x20,0x7b,0x20,0x69,0x64,0x3a,0x20,0x6e,0x61,
  0x6d,0x65,0x49,0x6e,0x70,0x75,0x74,0x3b,0x20,0x77,0x69,0x64,0x74,0x68,0x3a,0x20,
  0x70,0x61,0x72,0x65,0x6e,0x74,0x2e,0x77,0x69,0x64,0x74,0x68,0x3b,0x20,0x68,0x65,
  0x69,0x67,0x68,0x74,0x3a,0x20,0x34,0x32,0x3b,0x20,0x74,0x65,0x78,0x74,0x3a,0x20,
  0x62,0x61,0x63,0x6b,0x65,0x6e,0x64,0x2e,0x63,0x75,0x72,0x72,0x65,0x6e,0x74,0x55,
  0x73,0x65,0x72,0x4e,0x61,0x6d,0x65,0x28,0x29,0x3b,0x20,0x62,0x61,0x63,0x6b,0x67,
  0x72,0x6f,0x75,0x6e,0x64,0x3a,0x20,0x52,0x65,0x63,0x74,0x61,0x6e,0x67,0x6c,0x65,
  0x20,0x7b,0x20,0x72,0x61,0x64,0x69,0x75,0x73,0x3a,0x20,0x31,0x30,0x3b,0x20,0x63,
  0x6f,0x6c,0x6f,0x72,0x3a,0x20,0x22,0x23,0x46,0x37,0x46,0x38,0x46,0x43,0x22,0x3b,
  0x20,0x62,0x6f,0x72,0x64,0x65,0x72,0x2e,0x63,0x6f,0x6c,0x6f,0x72,0x3a,0x20,0x22,
  0x23,0x45,0x32,0x45,0x36,0x45,0x46,0x22,0x20,0x7d,0x20,0x7d,0xd,0xa,0x20,0x20,
  0x20,0x20,0x20,0x20,0x20,0x20,0x20,0x20,0x20,0x20,0x20,0x20,0x20,0x20,0x54,0x65,
  0x78,0x74,0x20,0x7b,0x20,0x74,0x65,0x78,0x74,0x3a,0x20,0x22,0x45,0x4d,0x41,0x49,
  0x4c,0x20,0x41,0x44,0x44,0x52,0x45,0x53,0x53,0x22,0x3b,0x20,0x63,0x6f,0x6c,0x6f,
  0x72,0x3a,0x20,0x22,0x23,0x36,0x36,0x37,0x30,0x38,0x37,0x22,0x3b,0x20,0x66,0x6f,
  0x6e,0x74,0x2e,0x70,0x69,0x78,0x65,0x6c,0x53,0x69,0x7a,0x65,0x3a,0x20,0x31,0x30,
  0x3b,0x20,0x66,0x6f,0x6e,0x74,0x2e,0x62,0x6f,0x6c,0x64,0x3a,0x20,0x74,0x72,0x75,
  0x65,0x3b,0x20,0x66,0x6f,0x6e,0x74,0x2e,0x6c,0x65,0x74,0x74,0x65,0x72,0x53,0x70,
  0x61,0x63,0x69,0x6e,0x67,0x3a,0x20,0x31,0x20,0x7d,0xd,0xa,0x20,0x20,0x20,0x20,
  0x20,0x20,0x20,0x20,0x20,0x20,0x20,0x20,0x20,0x20,0x20,0x20,0x54,0x65,0x78,0x74,
  0x46,0x69,0x65,0x6c,0x64,0x20,0x7b,0x20,0x69,0x64,0x3a,0x20,0x65,0x6d,0x61,0x69,
  0x6c,0x49,0x6e,0x70,0x75,0x74,0x3b,0x20,0x77,0x69,0x64,0x74,0x68,0x3a,0x20,0x70,
  0x61,0x72,0x65,0x6e,0x74,0x2e,0x77,0x69,0x64,0x74,0x68,0x3b,0x20,0x68,0x65,0x69,
  0x67,0x68,0x74,0x3a,0x20,0x34,0x32,0x3b,0x20,0x74,0x65,0x78,0x74,0x3a,0x20,0x62,
  0x61,0x63,0x6b,0x65,0x6e,0x64,0x2e,0x63,0x75,0x72,0x72,0x65,0x6e,0x74,0x55,0x73,
  0x65,0x72,0x45,0x6d,0x61,0x69,0x6c,0x28,0x29,0x3b,0x20,0x62,0x61,0x63,0x6b,0x67,
  0x72,0x6f,0x75,0x6e,0x64,0x3a,0x20,0x52,0x65,0x63,0x74,0x61,0x6e,0x67,0x6c,0x65,
  0x20,0x7b,0x20,0x72,0x61,0x64,0x69,0x75,0x73,0x3a,0x20,0x31,0x30,0x3b,0x20,0x63,
  0x6f,0x6c,0x6f,0x72,0x3a,0x20,0x22,0x23,0x46,0x37,0x46,0x38,0x46,0x43,0x22,0x3b,
  0x20,0x62,0x6f,0x72,0x64,0x65,0x72,0x2e,0x63,0x6f,0x6c,0x6f,0x72,0x3a,0x20,0x22,
  0x23,0x45,0x32,0x45,0x36,0x45,0x46,0x22,0x20,0x7d,0x20,0x7d,0xd,0xa,0x20,0x20,
  0x20,0x20,0x20,0x20,0x20,0x20,0x20,0x20,0x20,0x20,0x20,0x20,0x20,0x20,0x54,0x65,
  0x78,0x74,0x20,0x7b,0x20,0x74,0x65,0x78,0x74,0x3a,0x20,0x70,0x61,0x67,0x65,0x2e,
  0x65,0x72,0x72,0x6f,0x72,0x4d,0x65,0x73,0x73,0x61,0x67,0x65,0x3b,0x20,0x63,0x6f,
  0x6c,0x6f,0x72,0x3a,0x20,0x22,0x23,0x43,0x37,0x33,0x35,0x34,0x41,0x22,0x3b,0x20,
  0x76,0x69,0x73,0x69,0x62,0x6c,0x65,0x3a,0x20,0x74,0x65,0x78,0x74,0x20,0x21,0x3d,
  0x3d,0x20,0x22,0x22,0x3b,0x20,0x66,0x6f,0x6e,0x74,0x2e,0x70,0x69,0x78,0x65,0x6c,
  0x53,0x69,0x7a,0x65,0x3a,0x20,0x31,0x31,0x20,0x7d,0xd,0xa,0x20,0x20,0x20,0x20,
  0x20,0x20,0x20,0x20,0x20,0x20,0x20,0x20,0x7d,0xd,0xa,0x20,0x20,0x20,0x20,0x20,
  0x20,0x20,0x20,0x7d,0xd,0xa,0x20,0x20,0x20,0x20,0x20,0x20,0x20,0x20,0x52,0x65,
  0x63,0x74,0x61,0x6e,0x67,0x6c,0x65,0x20,0x7b,0x20,0x77,0x69,0x64,0x74,0x68,0x3a,
  0x20,0x70,0x61,0x72,0x65,0x6e,0x74,0x2e,0x77,0x69,0x64,0x74,0x68,0x3b,0x20,0x68,
  0x65,0x69,0x67,0x68,0x74,0x3a,0x20,0x34,0x38,0x3b,0x20,0x72,0x61,0x64,0x69,0x75,
  0x73,0x3a,0x20,0x31,0x32,0x3b,0x20,0x63,0x6f,0x6c,0x6f,0x72,0x3a,0x20,0x22,0x23,
  0x31,0x45,0x33,0x41,0x38,0x41,0x22,0xd,0xa,0x20,0x20,0x20,0x20,0x20,0x20,0x20,
  0x20,0x20,0x20,0x20,0x20,0x54,0x65,0x78,0x74,0x20,0x7b,0x20,0x74,0x65,0x78,0x74,
  0x3a,0x20,0x22,0x53,0x61,0x76,0x65,0x20,0x63,0x68,0x61,0x6e,0x67,0x65,0x73,0x22,
  0x3b,0x20,0x63,0x6f,0x6c,0x6f,0x72,0x3a,0x20,0x22,0x77,0x68,0x69,0x74,0x65,0x22,
  0x3b,0x20,0x66,0x6f,0x6e,0x74,0x2e,0x70,0x69,0x78,0x65,0x6c,0x53,0x69,0x7a,0x65,
  0x3a,0x20,0x31,0x35,0x3b,0x20,0x66,0x6f,0x6e,0x74,0x2e,0x62,0x6f,0x6c,0x64,0x3a,
  0x20,0x74,0x72,0x75,0x65,0x3b,0x20,0x61,0x6e,0x63,0x68,0x6f,0x72,0x73,0x2e,0x63,
  0x65,0x6e,0x74,0x65,0x72,0x49,0x6e,0x3a,0x20,0x70,0x61,0x72,0x65,0x6e,0x74,0x20,
  0x7d,0xd,0xa,0x20,0x20,0x20,0x20,0x20,0x20,0x20,0x20,0x20,0x20,0x20,0x20,0x4d,
  0x6f,0x75,0x73,0x65,0x41,0x72,0x65,0x61,0x20,0x7b,0x20,0x61,0x6e,0x63,0x68,0x6f,
  0x72,0x73,0x2e,0x66,0x69,0x6c,0x6c,0x3a,0x20,0x70,0x61,0x72,0x65,0x6e,0x74,0x3b,
  0x20,0x6f,0x6e,0x43,0x6c,0x69,0x63,0x6b,0x65,0x64,0x3a,0x20,0x7b,0x20,0x69,0x66,
  0x20,0x28,0x62,0x61,0x63,0x6b,0x65,0x6e,0x64,0x2e,0x75,0x70,0x64,0x61,0x74,0x65,
  0x50,0x72,0x6f,0x66,0x69,0x6c,0x65,0x28,0x6e,0x61,0x6d,0x65,0x49,0x6e,0x70,0x75,
  0x74,0x2e,0x74,0x65,0x78,0x74,0x2c,0x20,0x65,0x6d,0x61,0x69,0x6c,0x49,0x6e,0x70,
  0x75,0x74,0x2e,0x74,0x65,0x78,0x74,0x29,0x29,0x20,0x73,0x74,0x61,0x63,0x6b,0x56,
  0x69,0x65,0x77,0x2e,0x70,0x6f,0x70,0x28,0x29,0x3b,0x20,0x65,0x6c,0x73,0x65,0x20,
  0x70,0x61,0x67,0x65,0x2e,0x65,0x72,0x72,0x6f,0x72,0x4d,0x65,0x73,0x73,0x61,0x67,
  0x65,0x20,0x3d,0x20,0x62,0x61,0x63,0x6b,0x65,0x6e,0x64,0x2e,0x67,0x65,0x74,0x4c,
  0x61,0x73,0x74,0x41,0x75,0x74,0x68,0x45,0x72,0x72,0x6f,0x72,0x28,0x29,0x20,0x7d,
  0x20,0x7d,0xd,0xa,0x20,0x20,0x20,0x20,0x20,0x20,0x20,0x20,0x7d,0xd,0xa,0x20,
  0x20,0x20,0x20,0x7d,0xd,0xa,0x7d,0xd,0xa,
    // LoginPage.qml
  0x0,0x0,0xc,0xea,
  0x69,
  0x6d,0x70,0x6f,0x72,0x74,0x20,0x51,0x74,0x51,0x75,0x69,0x63,0x6b,0x20,0x32,0x2e,
  0x31,0x35,0xd,0xa,0x69,0x6d,0x70,0x6f,0x72,0x74,0x20,0x51,0x74,0x51,0x75,0x69,
  0x63,0x6b,0x2e,0x43,0x6f,0x6e,0x74,0x72,0x6f,0x6c,0x73,0x20,0x32,0x2e,0x31,0x35,
  0xd,0xa,0xd,0xa,0x49,0x74,0x65,0x6d,0x20,0x7b,0xd,0xa,0x20,0x20,0x20,0x20,
  0x61,0x6e,0x63,0x68,0x6f,0x72,0x73,0x2e,0x66,0x69,0x6c,0x6c,0x3a,0x20,0x70,0x61,
  0x72,0x65,0x6e,0x74,0xd,0xa,0x20,0x20,0x20,0x20,0x70,0x72,0x6f,0x70,0x65,0x72,
  0x74,0x79,0x20,0x73,0x74,0x72,0x69,0x6e,0x67,0x20,0x61,0x75,0x74,0x68,0x45,0x72,
  0x72,0x6f,0x72,0x3a,0x20,0x22,0x22,0xd,0xa,0x20,0x20,0x20,0x20,0x52,0x65,0x63,
  0x74,0x61,0x6e,0x67,0x6c,0x65,0x20,0x7b,0x20,0x61,0x6e,0x63,0x68,0x6f,0x72,0x73,
  0x2e,0x66,0x69,0x6c,0x6c,0x3a,0x20,0x70,0x61,0x72,0x65,0x6e,0x74,0x3b,0x20,0x63,
  0x6f,0x6c,0x6f,0x72,0x3a,0x20,0x22,0x23,0x46,0x35,0x46,0x37,0x46,0x42,0x22,0x20,
  0x7d,0xd,0xa,0x20,0x20,0x20,0x20,0x52,0x65,0x63,0x74,0x61,0x6e,0x67,0x6c,0x65,
  0x20,0x7b,0x20,0x77,0x69,0x64,0x74,0x68,0x3a,0x20,0x70,0x61,0x72,0x65,0x6e,0x74,
  0x2e,0x77,0x69,0x64,0x74,0x68,0x3b,0x20,0x68,0x65,0x69,0x67,0x68,0x74,0x3a,0x20,
  0x32,0x36,0x30,0x3b,0x20,0x67,0x72,0x61,0x64,0x69,0x65,0x6e,0x74,0x3a,0x20,0x47,
  0x72,0x61,0x64,0x69,0x65,0x6e,0x74,0x20,0x7b,0x20,0x47,0x72,0x61,0x64,0x69,0x65,
  0x6e,0x74,0x53,0x74,0x6f,0x70,0x20,0x7b,0x20,0x70,0x6f,0x73,0x69,0x74,0x69,0x6f,
  0x6e,0x3a,0x20,0x30,0x3b,0x20,0x63,0x6f,0x6c,0x6f,0x72,0x3a,0x20,0x22,0x23,0x30,
  0x46,0x31,0x37,0x32,0x41,0x22,0x20,0x7d,0x20,0x47,0x72,0x61,0x64,0x69,0x65,0x6e,
  0x74,0x53,0x74,0x6f,0x70,0x20,0x7b,0x20,0x70,0x6f,0x73,0x69,0x74,0x69,0x6f,0x6e,
  0x3a,0x20,0x31,0x3b,0x20,0x63,0x6f,0x6c,0x6f,0x72,0x3a,0x20,0x22,0x23,0x31,0x45,
  0x33,0x41,0x38,0x41,0x22,0x20,0x7d,0x20,0x7d,0xd,0xa,0x20,0x20,0x20,0x20,0x20,
  0x20,0x20,0x20,0x43,0x6f,0x6c,0x75,0x6d,0x6e,0x20,0x7b,0x20,0x61,0x6e,0x63,0x68,
  0x6f,0x72,0x73,0x2e,0x63,0x65,0x6e,0x74,0x65,0x72,0x49,0x6e,0x3a,0x20,0x70,0x61,
  0x72,0x65,0x6e,0x74,0x3b,0x20,0x73,0x70,0x61,0x63,0x69,0x6e,0x67,0x3a,0x20,0x38,
  0xd,0xa,0x20,0x20,0x20,0x20,0x20,0x20,0x20,0x20,0x20,0x20,0x20,0x20,0x49,0x6d,
  0x61,0x67,0x65,0x20,0x7b,0x20,0x73,0x6f,0x75,0x72,0x63,0x65,0x3a,0x20,0x22,0x66,
  0x69,0x6c,0x65,0x3a,0x2f,0x2f,0x2f,0x43,0x3a,0x2f,0x55,0x73,0x65,0x72,0x73,0x2f,
  0x64,0x65,0x6c,0x6c,0x2f,0x76,0x6f,0x78,0x73,0x70,0x65,0x6e,0x64,0x32,0x30,0x30,
  0x2f,0x61,0x73,0x73,0x65,0x74,0x73,0x2f,0x6c,0x6f,0x67,0x6f,0x2e,0x70,0x6e,0x67,
  0x22,0x3b,0x20,0x77,0x69,0x64,0x74,0x68,0x3a,0x20,0x39,0x36,0x3b,0x20,0x68,0x65,
  0x69,0x67,0x68,0x74,0x3a,0x20,0x39,0x36,0x3b,0x20,0x66,0x69,0x6c,0x6c,0x4d,0x6f,
  0x64,0x65,0x3a,0x20,0x49,0x6d,0x61,0x67,0x65,0x2e,0x50,0x72,0x65,0x73,0x65,0x72,
  0x76,0x65,0x41,0x73,0x70,0x65,0x63,0x74,0x46,0x69,0x74,0x3b,0x20,0x61,0x6e,0x63,
  0x68,0x6f,0x72,0x73,0x2e,0x68,0x6f,0x72,0x69,0x7a,0x6f,0x6e,0x74,0x61,0x6c,0x43,
  0x65,0x6e,0x74,0x65,0x72,0x3a,0x20,0x70,0x61,0x72,0x65,0x6e,0x74,0x2e,0x68,0x6f,
  0x72,0x69,0x7a,0x6f,0x6e,0x74,0x61,0x6c,0x43,0x65,0x6e,0x74,0x65,0x72,0x20,0x7d,
  0xd,0xa,0x20,0x20,0x20,0x20,0x20,0x20,0x20,0x20,0x20,0x20,0x20,0x20,0x54,0x65,
  0x78,0x74,0x20,0x7b,0x20,0x74,0x65,0x78,0x74,0x3a,0x20,0x22,0x57,0x65,0x6c,0x63,
  0x6f,0x6d,0x65,0x20,0x62,0x61,0x63,0x6b,0x22,0x3b,0x20,0x63,0x6f,0x6c,0x6f,0x72,
  0x3a,0x20,0x22,0x77,0x68,0x69,0x74,0x65,0x22,0x3b,0x20,0x66,0x6f,0x6e,0x74,0x2e,
  0x70,0x69,0x78,0x65,0x6c,0x53,0x69,0x7a,0x65,0x3a,0x20,0x32,0x38,0x3b,0x20,0x66,
  0x6f,0x6e,0x74,0x2e,0x62,0x6f,0x6c,0x64,0x3a,0x20,0x74,0x72,0x75,0x65,0x3b,0x20,
  0x61,0x6e,0x63,0x68,0x6f,0x72,0x73,0x2e,0x68,0x6f,0x72,0x69,0x7a,0x6f,0x6e,0x74,
  0x61,0x6c,0x43,0x65,0x6e,0x74,0x65,0x72,0x3a,0x20,0x70,0x61,0x72,0x65,0x6e,0x74,
  0x2e,0x68,0x6f,0x72,0x69,0x7a,0x6f,0x6e,0x74,0x61,0x6c,0x43,0x65,0x6e,0x74,0x65,
  0x72,0x20,0x7d,0xd,0xa,0x20,0x20,0x20,0x20,0x20,0x20,0x20,0x20,0x20,0x20,0x20,
  0x20,0x54,0x65,0x78,0x74,0x20,0x7b,0x20,0x74,0x65,0x78,0x74,0x3a,0x20,0x22,0x53,
  0x69,0x67,0x6e,0x20,0x69,0x6e,0x20,0x74,0x6f,0x20,0x6d,0x61,0x6e,0x61,0x67,0x65,
  0x20,0x79,0x6f,0x75,0x72,0x20,0x73,0x70,0x65,0x6e,0x64,0x69,0x6e,0x67,0x2e,0x22,
  0x3b,0x20,0x63,0x6f,0x6c,0x6f,0x72,0x3a,0x20,0x22,0x23,0x43,0x39,0x43,0x34,0x44,
  0x46,0x22,0x3b,0x20,0x66,0x6f,0x6e,0x74,0x2e,0x70,0x69,0x78,0x65,0x6c,0x53,0x69,
  0x7a,0x65,0x3a,0x20,0x31,0x34,0x3b,0x20,0x61,0x6e,0x63,0x68,0x6f,0x72,0x73,0x2e,
  0x68,0x6f,0x72,0x69,0x7a,0x6f,0x6e,0x74,0x61,0x6c,0x43,0x65,0x6e,0x74,0x65,0x72,
  0x3a,0x20,0x70,0x61,0x72,0x65,0x6e,0x74,0x2e,0x68,0x6f,0x72,0x69,0x7a,0x6f,0x6e,
  0x74,0x61,0x6c,0x43,0x65,0x6e,0x74,0x65,0x72,0x20,0x7d,0xd,0xa,0x20,0x20,0x20,
  0x20,0x20,0x20,0x20,0x20,0x7d,0xd,0xa,0x20,0x20,0x20,0x20,0x7d,0xd,0xa,0x20,
  0x20,0x20,0x20,0x52,0x65,0x63,0x74,0x61,0x6e,0x67,0x6c,0x65,0x20,0x7b,0x20,0x77,
  0x69,0x64,0x74,0x68,0x3a,0x20,0x4d,0x61,0x74,0x68,0x2e,0x6d,0x69,0x6e,0x28,0x70,
  0x61,0x72,0x65,0x6e,0x74,0x2e,0x77,0x69,0x64,0x74,0x68,0x20,0x2d,0x20,0x36,0x34,
  0x2c,0x20,0x34,0x34,0x30,0x29,0x3b,0x20,0x68,0x65,0x69,0x67,0x68,0x74,0x3a,0x20,
  0x33,0x37,0x30,0x3b,0x20,0x72,0x61,0x64,0x69,0x75,0x73,0x3a,0x20,0x32,0x32,0x3b,
  0x20,0x63,0x6f,0x6c,0x6f,0x72,0x3a,0x20,0x22,0x77,0x68,0x69,0x74,0x65,0x22,0x3b,
  0x20,0x62,0x6f,0x72,0x64,0x65,0x72,0x2e,0x63,0x6f,0x6c,0x6f,0x72,0x3a,0x20,0x22,
  0x23,0x45,0x35,0x45,0x38,0x46,0x30,0x22,0x3b,0x20,0x61,0x6e,0x63,0x68,0x6f,0x72,
  0x73,0x2e,0x68,0x6f,0x72,0x69,0x7a,0x6f,0x6e,0x74,0x61,0x6c,0x43,0x65,0x6e,0x74,
  0x65,0x72,0x3a,0x20,0x70,0x61,0x72,0x65,0x6e,0x74,0x2e,0x68,0x6f,0x72,0x69,0x7a,
  0x6f,0x6e,0x74,0x61,0x6c,0x43,0x65,0x6e,0x74,0x65,0x72,0x3b,0x20,0x61,0x6e,0x63,
  0x68,0x6f,0x72,0x73,0x2e,0x74,0x6f,0x70,0x3a,0x20,0x70,0x61,0x72,0x65,0x6e,0x74,
  0x2e,0x74,0x6f,0x70,0x3b,0x20,0x61,0x6e,0x63,0x68,0x6f,0x72,0x73,0x2e,0x74,0x6f,
  0x70,0x4d,0x61,0x72,0x67,0x69,0x6e,0x3a,0x20,0x32,0x30,0x38,0xd,0xa,0x20,0x20,
  0x20,0x20,0x20,0x20,0x20,0x20,0x43,0x6f,0x6c,0x75,0x6d,0x6e,0x20,0x7b,0x20,0x61,
  0x6e,0x63,0x68,0x6f,0x72,0x73,0x2e,0x66,0x69,0x6c,0x6c,0x3a,0x20,0x70,0x61,0x72,
  0x65,0x6e,0x74,0x3b,0x20,0x61,0x6e,0x63,0x68,0x6f,0x72,0x73,0x2e,0x6d,0x61,0x72,
  0x67,0x69,0x6e,0x73,0x3a,0x20,0x33,0x30,0x3b,0x20,0x73,0x70,0x61,0x63,0x69,0x6e,
  0x67,0x3a,0x20,0x31,0x36,0xd,0xa,0x20,0x20,0x20,0x20,0x20,0x20,0x20,0x20,0x20,
  0x20,0x20,0x20,0x54,0x65,0x78,0x74,0x20,0x7b,0x20,0x74,0x65,0x78,0x74,0x3a,0x20,
  0x22,0x53,0x69,0x67,0x6e,0x20,0x69,0x6e,0x22,0x3b,0x20,0x63,0x6f,0x6c,0x6f,0x72,
  0x3a,0x20,0x22,0x23,0x31,0x39,0x32,0x31,0x33,0x44,0x22,0x3b,0x20,0x66,0x6f,0x6e,
  0x74,0x2e,0x70,0x69,0x78,0x65,0x6c,0x53,0x69,0x7a,0x65,0x3a,0x20,0x32,0x31,0x3b,
  0x20,0x66,0x6f,0x6e,0x74,0x2e,0x62,0x6f,0x6c,0x64,0x3a,0x20,0x74,0x72,0x75,0x65,
  0x20,0x7d,0xd,0xa,0x20,0x20,0x20,0x20,0x20,0x20,0x20,0x20,0x20,0x20,0x20,0x20,
  0x54,0x65,0x78,0x74,0x20,0x7b,0x20,0x74,0x65,0x78,0x74,0x3a,0x20,0x22,0x55,0x73,
  0x65,0x20,0x79,0x6f,0x75,0x72,0x20,0x56,0x6f,0x78,0x53,0x70,0x65,0x6e,0x64,0x20,
  0x61,0x63,0x63,0x6f,0x75,0x6e,0x74,0x20,0x74,0x6f,0x20,0x63,0x6f,0x6e,0x74,0x69,
  0x6e,0x75,0x65,0x2e,0x22,0x3b,0x20,0x63,0x6f,0x6c,0x6f,0x72,0x3a,0x20,0x22,0x23,
  0x37,0x41,0x38,0x34,0x39,0x38,0x22,0x3b,0x20,0x66,0x6f,0x6e,0x74,0x2e,0x70,0x69,
  0x78,0x65,0x6c,0x53,0x69,0x7a,0x65,0x3a,0x20,0x31,0x32,0x20,0x7d,0xd,0xa,0x20,
  0x20,0x20,0x20,0x20,0x20,0x20,0x20,0x20,0x20,0x20,0x20,0x54,0x65,0x78,0x74,0x20,
  0x7b,0x20,0x74,0x65,0x78,0x74,0x3a,0x20,0x22,0x45,0x4d,0x41,0x49,0x4c,0x20,0x41,
  0x44,0x44,0x52,0x45,0x53,0x53,0x22,0x3b,0x20,0x63,0x6f,0x6c,0x6f,0x72,0x3a,0x20,
  0x22,0x23,0x36,0x30,0x36,0x42,0x38,0x30,0x22,0x3b,0x20,0x66,0x6f,0x6e,0x74,0x2e,
  0x70,0x69,0x78,0x65,0x6c,0x53,0x69,0x7a,0x65,0x3a,0x20,0x31,0x30,0x3b,0x20,0x66,
  0x6f,0x6e,0x74,0x2e,0x62,0x6f,0x6c,0x64,0x3a,0x20,0x74,0x72,0x75,0x65,0x3b,0x20,
  0x66,0x6f,0x6e,0x74,0x2e,0x6c,0x65,0x74,0x74,0x65,0x72,0x53,0x70,0x61,0x63,0x69,
  0x6e,0x67,0x3a,0x20,0x31,0x20,0x7d,0xd,0xa,0x20,0x20,0x20,0x20,0x20,0x20,0x20,
  0x20,0x20,0x20,0x20,0x20,0x54,0x65,0x78,0x74,0x46,0x69,0x65,0x6c,0x64,0x20,0x7b,
  0x20,0x69,0x64,0x3a,0x20,0x65,0x6d,0x61,0x69,0x6c,0x46,0x69,0x65,0x6c,0x64,0x3b,
  0x20,0x77,0x69,0x64,0x74,0x68,0x3a,0x20,0x70,0x61,0x72,0x65,0x6e,0x74,0x2e,0x77,
  0x69,0x64,0x74,0x68,0x3b,0x20,0x68,0x65,0x69,0x67,0x68,0x74,0x3a,0x20,0x34,0x36,
  0x3b,0x20,0x70,0x6c,0x61,0x63,0x65,0x68,0x6f,0x6c,0x64,0x65,0x72,0x54,0x65,0x78,
  0x74,0x3a,0x20,0x22,0x6e,0x61,0x6d,0x65,0x40,0x65,0x78,0x61,0x6d,0x70,0x6c,0x65,
  0x2e,0x63,0x6f,0x6d,0x22,0x3b,0x20,0x63,0x6f,0x6c,0x6f,0x72,0x3a,0x20,0x22,0x23,
  0x31,0x39,0x32,0x31,0x33,0x44,0x22,0x3b,0x20,0x66,0x6f,0x6e,0x74,0x2e,0x70,0x69,
  0x78,0x65,0x6c,0x53,0x69,0x7a,0x65,0x3a,0x20,0x31,0x34,0x3b,0x20,0x6f,0x6e,0x54,
  0x65,0x78,0x74,0x43,0x68,0x61,0x6e,0x67,0x65,0x64,0x3a,0x20,0x61,0x75,0x74,0x68,
  0x45,0x72,0x72,0x6f,0x72,0x20,0x3d,0x20,0x22,0x22,0x3b,0x20,0x62,0x61,0x63,0x6b,
  0x67,0x72,0x6f,0x75,0x6e,0x64,0x3a,0x20,0x52,0x65,0x63,0x74,0x61,0x6e,0x67,0x6c,
  0x65,0x20,0x7b,0x20,0x72,0x61,0x64,0x69,0x75,0x73,0x3a,0x20,0x31,0x30,0x3b,0x20,
  0x63,0x6f,0x6c,0x6f,0x72,0x3a,0x20,0x22,0x23,0x46,0x37,0x46,0x38,0x46,0x43,0x22,
  0x3b,0x20,0x62,0x6f,0x72,0x64,0x65,0x72,0x2e,0x63,0x6f,0x6c,0x6f,0x72,0x3a,0x20,
  0x65,0x6d,0x61,0x69,0x6c,0x46,0x69,0x65,0x6c,0x64,0x2e,0x61,0x63,0x74,0x69,0x76,
  0x65,0x46,0x6f,0x63,0x75,0x73,0x20,0x3f,0x20,0x22,0x23,0x31,0x45,0x33,0x41,0x38,
  0x41,0x22,0x20,0x3a,0x20,0x22,0x23,0x45,0x32,0x45,0x36,0x45,0x46,0x22,0x3b,0x20,
  0x62,0x6f,0x72,0x64,0x65,0x72,0x2e,0x77,0x69,0x64,0x74,0x68,0x3a,0x20,0x65,0x6d,
  0x61,0x69,0x6c,0x46,0x69,0x65,0x6c,0x64,0x2e,0x61,0x63,0x74,0x69,0x76,0x65,0x46,
  0x6f,0x63,0x75,0x73,0x20,0x3f,0x20,0x32,0x20,0x3a,0x20,0x31,0x20,0x7d,0x20,0x7d,
  0xd,0xa,0x20,0x20,0x20,0x20,0x20,0x20,0x20,0x20,0x20,0x20,0x20,0x20,0x54,0x65,
  0x78,0x74,0x20,0x7b,0x20,0x74,0x65,0x78,0x74,0x3a,0x20,0x22,0x50,0x41,0x53,0x53,
  0x57,0x4f,0x52,0x44,0x22,0x3b,0x20,0x63,0x6f,0x6c,0x6f,0x72,0x3a,0x20,0x22,0x23,
  0x36,0x30,0x36,0x42,0x38,0x30,0x22,0x3b,0x20,0x66,0x6f,0x6e,0x74,0x2e,0x70,0x69,
  0x78,0x65,0x6c,0x53,0x69,0x7a,0x65,0x3a,0x20,0x31,0x30,0x3b,0x20,0x66,0x6f,0x6e,
  0x74,0x2e,0x62,0x6f,0x6c,0x64,0x3a,0x20,0x74,0x72,0x75,0x65,0x3b,0x20,0x66,0x6f,
  0x6e,0x74,0x2e,0x6c,0x65,0x74,0x74,0x65,0x72,0x53,0x70,0x61,0x63,0x69,0x6e,0x67,
  0x3a,0x20,0x31,0x20,0x7d,0xd,0xa,0x20,0x20,0x20,0x20,0x20,0x20,0x20,0x20,0x20,
  0x20,0x20,0x20,0x54,0x65,0x78,0x74,0x46,0x69,0x65,0x6c,0x64,0x20,0x7b,0x20,0x69,
  0x64,0x3a,0x20,0x70,0x61,0x73,0x73,0x77,0x6f,0x72,0x64,0x46,0x69,0x65,0x6c,0x64,
  0x3b,0x20,0x77,0x69,0x64,0x74,0x68,0x3a,0x20,0x70,0x61,0x72,0x65,0x6e,0x74,0x2e,
  0x77,0x69,0x64,0x74,0x68,0x3b,0x20,0x68,0x65,0x69,0x67,0x68,0x74,0x3a,0x20,0x34,
  0x36,0x3b,0x20,0x70,0x6c,0x61,0x63,0x65,0x68,0x6f,0x6c,0x64,0x65,0x72,0x54,0x65,
  0x78,0x74,0x3a,0x20,0x22,0x45,0x6e,0x74,0x65,0x72,0x20,0x79,0x6f,0x75,0x72,0x20,
  0x70,0x61,0x73,0x73,0x77,0x6f,0x72,0x64,0x22,0x3b,0x20,0x65,0x63,0x68,0x6f,0x4d,
  0x6f,0x64,0x65,0x3a,0x20,0x54,0x65,0x78,0x74,0x49,0x6e,0x70,0x75,0x74,0x2e,0x50,
  0x61,0x73,0x73,0x77,0x6f,0x72,0x64,0x3b,0x20,0x63,0x6f,0x6c,0x6f,0x72,0x3a,0x20,
  0x22,0x23,0x31,0x39,0x32,0x31,0x33,0x44,0x22,0x3b,0x20,0x66,0x6f,0x6e,0x74,0x2e,
  0x70,0x69,0x78,0x65,0x6c,0x53,0x69,0x7a,0x65,0x3a,0x20,0x31,0x34,0x3b,0x20,0x6f,
  0x6e,0x54,0x65,0x78,0x74,0x43,0x68,0x61,0x6e,0x67,0x65,0x64,0x3a,0x20,0x61,0x75,
  0x74,0x68,0x45,0x72,0x72,0x6f,0x72,0x20,0x3d,0x20,0x22,0x22,0x3b,0x20,0x62,0x61,
  0x63,0x6b,0x67,0x72,0x6f,0x75,0x6e,0x64,0x3a,0x20,0x52,0x65,0x63,0x74,0x61,0x6e,
  0x67,0x6c,0x65,0x20,0x7b,0x20,0x72,0x61,0x64,0x69,0x75,0x73,0x3a,0x20,0x31,0x30,
  0x3b,0x20,0x63,0x6f,0x6c,0x6f,0x72,0x3a,0x20,0x22,0x23,0x46,0x37,0x46,0x38,0x46,
  0x43,0x22,0x3b,0x20,0x62,0x6f,0x72,0x64,0x65,0x72,0x2e,0x63,0x6f,0x6c,0x6f,0x72,
  0x3a,0x20,0x70,0x61,0x73,0x73,0x77,0x6f,0x72,0x64,0x46,0x69,0x65,0x6c,0x64,0x2e,
  0x61,0x63,0x74,0x69,0x76,0x65,0x46,0x6f,0x63,0x75,0x73,0x20,0x3f,0x20,0x22,0x23,
  0x31,0x45,0x33,0x41,0x38,0x41,0x22,0x20,0x3a,0x20,0x22,0x23,0x45,0x32,0x45,0x36,
  0x45,0x46,0x22,0x3b,0x20,0x62,0x6f,0x72,0x64,0x65,0x72,0x2e,0x77,0x69,0x64,0x74,
  0x68,0x3a,0x20,0x70,0x61,0x73,0x73,0x77,0x6f,0x72,0x64,0x46,0x69,0x65,0x6c,0x64,
  0x2e,0x61,0x63,0x74,0x69,0x76,0x65,0x46,0x6f,0x63,0x75,0x73,0x20,0x3f,0x20,0x32,
  0x20,0x3a,0x20,0x31,0x20,0x7d,0x20,0x7d,0xd,0xa,0x20,0x20,0x20,0x20,0x20,0x20,
  0x20,0x20,0x20,0x20,0x20,0x20,0x54,0x65,0x78,0x74,0x20,0x7b,0x20,0x77,0x69,0x64,
  0x74,0x68,0x3a,0x20,0x70,0x61,0x72,0x65,0x6e,0x74,0x2e,0x77,0x69,0x64,0x74,0x68,
  0x3b,0x20,0x74,0x65,0x78,0x74,0x3a,0x20,0x61,0x75,0x74,0x68,0x45,0x72,0x72,0x6f,
  0x72,0x3b,0x20,0x76,0x69,0x73,0x69,0x62,0x6c,0x65,0x3a,0x20,0x74,0x65,0x78,0x74,
  0x20,0x21,0x3d,0x3d,0x20,0x22,0x22,0x3b,0x20,0x63,0x6f,0x6c,0x6f,0x72,0x3a,0x20,
  0x22,0x23,0x43,0x37,0x33,0x35,0x34,0x41,0x22,0x3b,0x20,0x66,0x6f,0x6e,0x74,0x2e,
  0x70,0x69,0x78,0x65,0x6c,0x53,0x69,0x7a,0x65,0x3a,0x20,0x31,0x32,0x3b,0x20,0x77,
  0x72,0x61,0x70,0x4d,0x6f,0x64,0x65,0x3a,0x20,0x54,0x65,0x78,0x74,0x2e,0x57,0x72,
  0x61,0x70,0x20,0x7d,0xd,0xa,0x20,0x20,0x20,0x20,0x20,0x20,0x20,0x20,0x20,0x20,
  0x20,0x20,0x52,0x65,0x63,0x74,0x61,0x6e,0x67,0x6c,0x65,0x20,0x7b,0x20,0x77,0x69,
  0x64,0x74,0x68,0x3a,0x20,0x70,0x61,0x72,0x65,0x6e,0x74,0x2e,0x77,0x69,0x64,0x74,
  0x68,0x3b,0x20,0x68,0x65,0x69,0x67,0x68,0x74,0x3a,0x20,0x34,0x38,0x3b,0x20,0x72,
  0x61,0x64,0x69,0x75,0x73,0x3a,0x20,0x31,0x32,0x3b,0x20,0x63,0x6f,0x6c,0x6f,0x72,
  0x3a,0x20,0x22,0x23,0x31,0x45,0x33,0x41,0x38,0x41,0x22,0x3b,0x20,0x54,0x65,0x78,
  0x74,0x20,0x7b,0x20,0x61,0x6e,0x63,0x68,0x6f,0x72,0x73,0x2e,0x63,0x65,0x6e,0x74,
  0x65,0x72,0x49,0x6e,0x3a,0x20,0x70,0x61,0x72,0x65,0x6e,0x74,0x3b,0x20,0x74,0x65,
  0x78,0x74,0x3a,0x20,0x22,0x53,0x69,0x67,0x6e,0x20,0x69,0x6e,0x22,0x3b,0x20,0x63,
  0x6f,0x6c,0x6f,0x72,0x3a,0x20,0x22,0x77,0x68,0x69,0x74,0x65,0x22,0x3b,0x20,0x66,
  0x6f,0x6e,0x74,0x2e,0x70,0x69,0x78,0x65,0x6c,0x53,0x69,0x7a,0x65,0x3a,0x20,0x31,
  0x35,0x3b,0x20,0x66,0x6f,0x6e,0x74,0x2e,0x62,0x6f,0x6c,0x64,0x3a,0x20,0x74,0x72,
  0x75,0x65,0x20,0x7d,0x20,0x4d,0x6f,0x75,0x73,0x65,0x41,0x72,0x65,0x61,0x20,0x7b,
  0x20,0x61,0x6e,0x63,0x68,0x6f,0x72,0x73,0x2e,0x66,0x69,0x6c,0x6c,0x3a,0x20,0x70,
  0x61,0x72,0x65,0x6e,0x74,0x3b,0x20,0x6f,0x6e,0x43,0x6c,0x69,0x63,0x6b,0x65,0x64,
  0x3a,0x20,0x7b,0x20,0x69,0x66,0x20,0x28,0x62,0x61,0x63,0x6b,0x65,0x6e,0x64,0x2e,
  0x6c,0x6f,0x67,0x69,0x6e,0x28,0x65,0x6d,0x61,0x69,0x6c,0x46,0x69,0x65,0x6c,0x64,
  0x2e,0x74,0x65,0x78,0x74,0x2c,0x20,0x70,0x61,0x73,0x73,0x77,0x6f,0x72,0x64,0x46,
  0x69,0x65,0x6c,0x64,0x2e,0x74,0x65,0x78,0x74,0x29,0x29,0x20,0x73,0x74,0x61,0x63,
  0x6b,0x56,0x69,0x65,0x77,0x2e,0x72,0x65,0x70,0x6c,0x61,0x63,0x65,0x28,0x68,0x6f,
  0x6d,0x65,0x50,0x61,0x67,0x65,0x29,0x3b,0x20,0x65,0x6c,0x73,0x65,0x20,0x61,0x75,
  0x74,0x68,0x45,0x72,0x72,0x6f,0x72,0x20,0x3d,0x20,0x62,0x61,0x63,0x6b,0x65,0x6e,
  0x64,0x2e,0x67,0x65,0x74,0x4c,0x61,0x73,0x74,0x41,0x75,0x74,0x68,0x45,0x72,0x72,
  0x6f,0x72,0x28,0x29,0x20,0x7d,0x20,0x7d,0x20,0x7d,0xd,0xa,0x20,0x20,0x20,0x20,
  0x20,0x20,0x20,0x20,0x7d,0xd,0xa,0x20,0x20,0x20,0x20,0x7d,0xd,0xa,0x20,0x20,
  0x20,0x20,0x52,0x6f,0x77,0x20,0x7b,0x20,0x61,0x6e,0x63,0x68,0x6f,0x72,0x73,0x2e,
  0x68,0x6f,0x72,0x69,0x7a,0x6f,0x6e,0x74,0x61,0x6c,0x43,0x65,0x6e,0x74,0x65,0x72,
  0x3a,0x20,0x70,0x61,0x72,0x65,0x6e,0x74,0x2e,0x68,0x6f,0x72,0x69,0x7a,0x6f,0x6e,
  0x74,0x61,0x6c,0x43,0x65,0x6e,0x74,0x65,0x72,0x3b,0x20,0x61,0x6e,0x63,0x68,0x6f,
  0x72,0x73,0x2e,0x62,0x6f,0x74,0x74,0x6f,0x6d,0x3a,0x20,0x70,0x61,0x72,0x65,0x6e,
  0x74,0x2e,0x62,0x6f,0x74,0x74,0x6f,0x6d,0x3b,0x20,0x61,0x6e,0x63,0x68,0x6f,0x72,
  0x73,0x2e,0x62,0x6f,0x74,0x74,0x6f,0x6d,0x4d,0x61,0x72,0x67,0x69,0x6e,0x3a,0x20,
  0x32,0x34,0x3b,0x20,0x73,0x70,0x61,0x63,0x69,0x6e,0x67,0x3a,0x20,0x35,0xd,0xa,
  0x20,0x20,0x20,0x20,0x20,0x20,0x20,0x20,0x54,0x65,0x78,0x74,0x20,0x7b,0x20,0x74,
  0x65,0x78,0x74,0x3a,0x20,0x22,0x4e,0x65,0x77,0x20,0x74,0x6f,0x20,0x56,0x6f,0x78,
  0x53,0x70,0x65,0x6e,0x64,0x3f,0x22,0x3b,0x20,0x63,0x6f,0x6c,0x6f,0x72,0x3a,0x20,
  0x22,0x23,0x37,0x41,0x38,0x34,0x39,0x38,0x22,0x3b,0x20,0x66,0x6f,0x6e,0x74,0x2e,
  0x70,0x69,0x78,0x65,0x6c,0x53,0x69,0x7a,0x65,0x3a,0x20,0x31,0x32,0x20,0x7d,0xd,
  0xa,0x20,0x20,0x20,0x20,0x20,0x20,0x20,0x20,0x54,0x65,0x78,0x74,0x20,0x7b,0x20,
  0x74,0x65,0x78,0x74,0x3a,0x20,0x22,0x43,0x72,0x65,0x61,0x74,0x65,0x20,0x61,0x6e,
  0x20,0x61,0x63,0x63,0x6f,0x75,0x6e,0x74,0x22,0x3b,0x20,0x63,0x6f,0x6c,0x6f,0x72,
  0x3a,0x20,0x22,0x23,0x31,0x45,0x33,0x41,0x38,0x41,0x22,0x3b,0x20,0x66,0x6f,0x6e,
  0x74,0x2e,0x70,0x69,0x78,0x65,0x6c,0x53,0x69,0x7a,0x65,0x3a,0x20,0x31,0x32,0x3b,
  0x20,0x66,0x6f,0x6e,0x74,0x2e,0x62,0x6f,0x6c,0x64,0x3a,0x20,0x74,0x72,0x75,0x65,
  0x3b,0x20,0x4d,0x6f,0x75,0x73,0x65,0x41,0x72,0x65,0x61,0x20,0x7b,0x20,0x61,0x6e,
  0x63,0x68,0x6f,0x72,0x73,0x2e,0x66,0x69,0x6c,0x6c,0x3a,0x20,0x70,0x61,0x72,0x65,
  0x6e,0x74,0x3b,0x20,0x6f,0x6e,0x43,0x6c,0x69,0x63,0x6b,0x65,0x64,0x3a,0x20,0x73,
  0x74,0x61,0x63,0x6b,0x56,0x69,0x65,0x77,0x2e,0x70,0x75,0x73,0x68,0x28,0x73,0x69,
  0x67,0x6e,0x75,0x70,0x50,0x61,0x67,0x65,0x29,0x20,0x7d,0x20,0x7d,0xd,0xa,0x20,
  0x20,0x20,0x20,0x7d,0xd,0xa,0x7d,0xd,0xa,
    // ChartsPage.qml
  0x0,0x0,0x6,0xcf,
  0x0,
  0x0,0x33,0x32,0x78,0xda,0xed,0x5b,0x4f,0x73,0x9b,0x38,0x14,0xbf,0x77,0xa6,0xdf,
  0x41,0x4b,0x2f,0xdb,0xdd,0x29,0x35,0xd8,0xd8,0x8e,0x7d,0x72,0x1c,0x7b,0x93,0x99,
  0x66,0xdb,0x26,0xd9,0xed,0x65,0x2f,0x32,0xc8,0x36,0x53,0x8c,0x18,0x49,0x6e,0xea,
  0x76,0x72,0xdd,0xf3,0x7e,0xc6,0xfd,0x24,0xfb,0x84,0xc1,0x80,0xd,0x58,0x60,0x3b,
  0xdb,0x49,0x4b,0x33,0x29,0x20,0xe9,0xf1,0xf4,0xf4,0x7b,0x7f,0xa5,0xb8,0x8b,0x80,
  0x32,0x81,0xde,0x8b,0xf7,0x4b,0xd7,0xfe,0x88,0x4c,0xdd,0xb0,0x9e,0x3f,0x73,0x33,
  0x2f,0xf5,0x21,0xf5,0x5,0xa3,0x1e,0x8f,0x5a,0x9f,0x3f,0xbb,0x21,0xb6,0xc0,0xfe,
  0xcc,0x23,0xe8,0xeb,0xf3,0x67,0x8,0x2e,0x9b,0x7a,0x94,0xf5,0x90,0xf6,0x62,0x6c,
  0x8d,0x3b,0xe3,0x73,0x6d,0xfd,0x16,0xfb,0xf6,0x9c,0x32,0xae,0x4f,0x5d,0xcf,0xeb,
  0xa1,0x0,0x33,0xe2,0xb,0x39,0x5c,0xb6,0xd,0xa9,0xb7,0x5c,0xf8,0xf1,0xf8,0xe2,
  0xde,0x71,0x2b,0xf,0xb0,0xed,0xfa,0xb3,0x1e,0x6a,0xc4,0x14,0xe4,0xf5,0xfa,0x35,
  0xba,0x24,0xd8,0x21,0x2c,0x79,0xb5,0xc3,0x5b,0x7c,0xdd,0xbb,0x8e,0x98,0xc7,0x84,
  0xf5,0xf0,0x29,0xdb,0x61,0x4e,0xdc,0xd9,0x5c,0xf4,0x50,0xb7,0x91,0x7d,0x3f,0x63,
  0xd8,0x71,0x61,0x4c,0xf,0xfd,0x16,0xdd,0x6d,0x93,0x96,0x57,0xdc,0x76,0x2b,0x68,
  0x80,0xbe,0xa2,0x80,0x72,0x57,0xb8,0xd4,0x7,0x86,0xf5,0x46,0x3f,0x11,0x90,0x61,
  0x19,0xc3,0xa6,0xa5,0xa1,0x87,0xa,0x14,0x8c,0xc,0x85,0xd6,0x59,0xb3,0xd9,0x39,
  0xdf,0xa1,0xb0,0xf5,0x78,0x43,0xef,0xf3,0xb8,0x8c,0x85,0xfc,0x89,0x30,0xe1,0xda,
  0xd8,0x1b,0xc2,0xf7,0x8,0xdb,0x48,0x25,0xfb,0xba,0x78,0xb8,0x47,0xa6,0x62,0x33,
  0x48,0x3e,0x94,0x77,0xbd,0xc6,0x6c,0xe6,0xca,0x89,0xb4,0x77,0xfb,0x6d,0x16,0xd6,
  0x30,0x77,0x1b,0xb,0x17,0x73,0x6b,0x51,0x9b,0xed,0xfe,0x66,0xf9,0xe4,0xbd,0x94,
  0xe4,0x92,0x3,0xcd,0x6e,0xfe,0xb0,0x58,0x98,0xf7,0x73,0x57,0x10,0xad,0x8f,0xa8,
  0x64,0x42,0xac,0xe4,0x62,0x75,0xad,0xfc,0x21,0x77,0xe4,0xb3,0x28,0xe2,0x42,0x5e,
  0x2,0xda,0x81,0xe2,0xbf,0x7f,0xff,0xa3,0xa5,0x16,0xcb,0x6a,0x35,0x2f,0xda,0x63,
  0xad,0x78,0xd8,0x14,0x74,0x4b,0xf,0xdc,0xcf,0xc4,0xbb,0x75,0xbf,0x10,0xc9,0x71,
  0x7f,0xfd,0x6e,0x42,0x3d,0xa7,0x87,0x4,0x5b,0x92,0xe2,0xc1,0xb1,0x8c,0xed,0x70,
  0xb9,0xae,0xfc,0x5d,0xb5,0x29,0x41,0x48,0x7c,0x5d,0xd3,0x25,0x27,0x3,0x46,0x70,
  0xd9,0xec,0xca,0x95,0x73,0xfb,0xa2,0xfe,0xd0,0x3,0xc3,0x41,0x60,0x2,0x5c,0x60,
  0xfb,0xe3,0x9f,0x2e,0xb9,0xd7,0x3,0x1a,0xfc,0xfc,0x52,0x99,0xb3,0x9c,0x57,0x57,
  0xb,0x3c,0x2b,0x4,0x2,0xa7,0x4b,0x66,0x83,0xfc,0x34,0x8f,0xce,0xa8,0x1e,0xf8,
  0x33,0xad,0x14,0x30,0xed,0x46,0x2,0x98,0x76,0x23,0xbf,0xab,0x9c,0xeb,0x35,0x75,
  0x80,0x68,0xf8,0x65,0xfd,0x1d,0x23,0x9c,0xb0,0x4f,0x64,0xc0,0x3,0x80,0xe5,0xd8,
  0x2d,0x10,0xc0,0x81,0x2a,0x96,0x33,0xf1,0x32,0xe8,0x45,0xb0,0xbb,0xd,0x88,0xef,
  0x80,0x1a,0x21,0xd7,0xe7,0x72,0x56,0x5c,0x53,0x3,0x7e,0x6d,0xf8,0x1d,0x77,0x96,
  0xa9,0xc7,0x87,0x2d,0xfb,0x7e,0x6b,0x83,0xeb,0xf1,0xf0,0x4,0x6c,0x80,0xf4,0x43,
  0x19,0xdc,0xad,0xdb,0x24,0xba,0xb6,0xc5,0xe3,0x2,0xf3,0xf6,0x1c,0x33,0x91,0xea,
  0x22,0xa9,0xd,0x1c,0x87,0x38,0xc0,0x3c,0xba,0xba,0x40,0x82,0xa2,0x19,0x11,0x48,
  0xcc,0x49,0x38,0x4f,0x94,0xe3,0x12,0x94,0x7d,0x46,0xd4,0x63,0xfd,0x88,0x5e,0xed,
  0xf8,0x10,0xdb,0x73,0x83,0x3c,0x71,0xae,0xd9,0x3b,0xc7,0x6c,0x23,0x31,0xd0,0x13,
  0xd0,0x1d,0x30,0x45,0x49,0xd3,0xc0,0xbb,0xc7,0x2b,0xfe,0x76,0x3a,0x4d,0x8b,0x26,
  0x12,0xcf,0xf0,0xe6,0xea,0xee,0x6a,0x38,0x78,0xd3,0x43,0x63,0xa,0xa,0xc0,0xc3,
  0xe9,0xf0,0x70,0x28,0xc2,0x52,0xa9,0x61,0x96,0xb,0x2c,0xec,0x79,0xd8,0x40,0x3e,
  0x63,0x5b,0xc8,0x66,0x42,0xfc,0xbc,0xf9,0xda,0x6b,0x9,0x7f,0x58,0x4f,0x1b,0x7f,
  0xc2,0x6e,0x28,0xf9,0xf,0xeb,0x9e,0xd9,0xbe,0xbb,0x1e,0x7c,0x4b,0x6a,0x5b,0xf2,
  0xd7,0xb3,0xe4,0x24,0xf3,0x77,0xf8,0x23,0x70,0xbc,0xc,0x42,0xde,0xee,0xe7,0xd4,
  0x23,0x19,0xde,0x10,0xc7,0x53,0xe2,0xad,0xca,0x7c,0x46,0x8e,0x43,0x1,0xef,0xf9,
  0xe,0x3b,0x4e,0x61,0xfb,0x84,0xa,0x41,0x17,0x9b,0x2e,0x4d,0x73,0x7b,0x62,0x31,
  0xf0,0x62,0x95,0x9a,0xac,0xd0,0x10,0xb,0x32,0xa3,0x4c,0xde,0x30,0xa7,0xbe,0x9b,
  0x4a,0xe3,0x8,0x40,0x62,0x36,0xe4,0x77,0x8c,0x6,0xa,0x15,0x90,0xc3,0x3a,0x49,
  0x37,0x9,0xd6,0x13,0x49,0xa7,0x9,0x28,0x75,0x64,0x23,0x3c,0x32,0x89,0xaa,0x72,
  0x3d,0x84,0x5f,0xee,0x17,0x58,0xbd,0x1d,0x4d,0xdc,0x6e,0xc8,0x27,0x13,0xe3,0x18,
  0xec,0x83,0xa1,0x43,0xf8,0x7,0x10,0x74,0xc5,0xe5,0x1a,0xcd,0xbf,0x86,0x32,0xca,
  0x1b,0xb5,0x71,0xb3,0x6d,0x15,0x6b,0x93,0xdf,0x67,0x42,0x19,0xc4,0x6f,0xfa,0xc6,
  0x63,0xda,0xdd,0x69,0xc3,0xee,0x82,0x69,0x8a,0x1a,0x22,0xd1,0x19,0x79,0xab,0x54,
  0xe,0xc3,0x8c,0x2d,0x80,0x79,0xed,0xf7,0x6e,0x0,0x9d,0x8d,0xdc,0xe0,0x7e,0xff,
  0x0,0x85,0x38,0x68,0x7b,0x8,0xcb,0x18,0x8c,0x92,0x95,0x4d,0xf,0x5a,0x23,0xa3,
  0x44,0xd2,0x3b,0x5a,0x51,0xdc,0x6d,0x13,0x33,0x23,0x6,0x31,0xe2,0x94,0xb2,0xb5,
  0xa2,0x16,0xf,0xb8,0x12,0x64,0x51,0x26,0x5f,0x25,0x43,0x59,0x4,0x38,0xb3,0x55,
  0xde,0x6f,0x5f,0xd8,0x55,0xe4,0x7,0x53,0x4a,0xab,0xed,0x1f,0x9d,0x84,0xe7,0x58,
  0xfe,0x53,0x18,0xb1,0xe3,0x38,0x5b,0x8a,0x63,0x54,0xe2,0xba,0x3,0x60,0x76,0x24,
  0xff,0xac,0x10,0x37,0x2a,0x1b,0xbf,0x1c,0x9c,0x74,0x52,0xe1,0x97,0xd9,0x4a,0xc5,
  0xeb,0x66,0x85,0xb5,0x1a,0x9d,0x8d,0xcf,0x46,0x96,0xa6,0x2e,0x8b,0x4a,0xaa,0x57,
  0x15,0x80,0x29,0x10,0x5e,0xc3,0x3a,0xcf,0x3d,0x15,0xdc,0x65,0xe6,0x13,0xe5,0xa,
  0x39,0x41,0x99,0xa1,0x46,0xa9,0x5a,0x3a,0x50,0x61,0x89,0x4b,0x9a,0x4b,0x9a,0x54,
  0x24,0x17,0x49,0xec,0x8f,0xc0,0x1,0x65,0xe5,0x0,0xf,0x70,0x8c,0x2b,0x8,0xe5,
  0x21,0x52,0x1,0x4d,0xe6,0x4,0xc1,0xfb,0x7d,0xea,0x18,0xa,0x10,0x49,0x9,0x4e,
  0x26,0x93,0x8a,0xe2,0x7b,0xd8,0x63,0x29,0x37,0x8e,0x7f,0x82,0x19,0x2f,0xee,0x79,
  0x43,0x2,0x2,0x3d,0xd9,0xbe,0xe9,0x2e,0x20,0x9d,0x80,0xfc,0xe9,0x8d,0xcb,0x85,
  0xcc,0x2c,0x3c,0x15,0x60,0xc9,0xce,0x23,0x8f,0x2c,0xc2,0xba,0x3,0x82,0x0,0x4a,
  0x52,0xd0,0xc6,0x94,0x3a,0x32,0xd1,0xf4,0xb2,0xd0,0x9,0x6c,0x21,0x93,0xd8,0xf6,
  0xbe,0x15,0x2d,0x26,0x7c,0xc7,0xb0,0xcf,0x65,0xf9,0x27,0xa1,0xde,0x35,0x86,0x9d,
  0x6e,0x2b,0xa1,0xde,0xaa,0x4f,0xfd,0x76,0x4e,0x83,0x0,0xec,0x33,0x10,0x8b,0xa9,
  0xf,0xac,0x8b,0xf6,0xa0,0x93,0x50,0x6f,0xd6,0xa7,0x7e,0xe,0x19,0x1b,0x4f,0xf8,
  0x1e,0x76,0x47,0xed,0xe1,0x59,0x42,0xd9,0xaa,0x4f,0xf9,0x2d,0x44,0xa8,0x2c,0xa1,
  0x3c,0xea,0x8e,0xad,0x51,0x8a,0xb2,0x61,0x1d,0xa0,0x42,0x6a,0x51,0x4c,0x6d,0x4f,
  0x9b,0x9,0xd,0xda,0xfb,0xfb,0xaa,0xb8,0xfb,0x83,0x98,0x49,0xbb,0x7f,0xa3,0xad,
  0xd6,0xbf,0x8a,0x15,0x4e,0xec,0x4a,0xa8,0x6e,0x7a,0xb8,0x86,0xea,0x43,0x13,0x7b,
  0x6c,0x59,0x79,0xd6,0xc4,0x54,0x27,0x75,0x80,0xff,0x3e,0x81,0x1f,0x57,0x84,0xe2,
  0x61,0x22,0xd7,0x6e,0x38,0x6a,0x68,0x35,0xa4,0xdd,0xed,0x76,0x8f,0x24,0xed,0x5a,
  0x6e,0xfe,0xff,0x95,0xb7,0x42,0x97,0x4a,0x61,0xd6,0x71,0x74,0x33,0x15,0x98,0x75,
  0x2a,0xc6,0x32,0x63,0x6b,0x3c,0x1e,0x5b,0x8a,0x38,0xa8,0x3c,0xb5,0xa2,0x94,0xfa,
  0x97,0x48,0xe3,0xc1,0x2a,0xab,0x13,0x3a,0x60,0xba,0xa9,0x29,0xaf,0x3f,0xc,0xee,
  0xe1,0xb1,0x30,0x51,0x3d,0x26,0xcb,0xaf,0xb2,0xe6,0xd7,0x3e,0x4,0x16,0xe0,0x7,
  0x5d,0x1b,0xdd,0xc2,0xda,0xb8,0xd4,0x7f,0xe2,0x35,0xf,0xb3,0x4e,0xcd,0xa3,0xff,
  0x6d,0xd5,0x37,0xcc,0xef,0xaa,0xbe,0x71,0x84,0xa4,0x63,0x14,0xa5,0x18,0x17,0x80,
  0x74,0xe6,0x4e,0x96,0x12,0xe7,0x2a,0xa9,0x46,0xaa,0x4e,0x90,0xe3,0xb0,0x5a,0x15,
  0xf6,0x6f,0x1e,0xca,0x32,0xa,0x45,0x9b,0x78,0x40,0xe5,0x45,0x3d,0xef,0xae,0x96,
  0x73,0x17,0x15,0xbb,0x77,0xe6,0x98,0xbf,0x47,0x79,0x14,0x47,0xa6,0x5a,0x5f,0xda,
  0x92,0x75,0x81,0x5b,0x69,0xe8,0xa6,0x95,0xad,0x58,0x6c,0x67,0xed,0x15,0x5d,0x78,
  0xf5,0xef,0x44,0x49,0xd8,0xc9,0xbf,0x13,0xa5,0x63,0x27,0xff,0x4e,0x94,0x9c,0x9d,
  0xa6,0xf4,0x30,0xf6,0xf6,0x43,0xab,0x32,0xac,0x4a,0x77,0xaa,0xeb,0x54,0x3,0xea,
  0x56,0x4,0xf6,0x56,0x5,0x1c,0x2a,0x2a,0x42,0x53,0xad,0x1e,0x10,0xd1,0xad,0x0,
  0x45,0xb5,0x4a,0x40,0x44,0xb7,0x2,0xf4,0xf6,0xd7,0x0,0xe4,0x15,0xd1,0x55,0x84,
  0x9a,0x6a,0x20,0xae,0x66,0xb5,0xaa,0xa6,0xdd,0x87,0x6,0xc2,0x86,0x99,0x28,0x9a,
  0xbc,0x8f,0x4d,0x7b,0xbb,0x66,0x28,0xb,0xb2,0x7b,0xba,0x59,0xea,0xb7,0x52,0x18,
  0xf8,0xa6,0xb2,0xcc,0xc7,0xc9,0x28,0x38,0xe2,0xcb,0x5,0xc4,0x7b,0xab,0x27,0x9e,
  0x52,0x34,0x9f,0x40,0x4a,0xd1,0xfc,0x91,0x52,0x54,0x4b,0x29,0x12,0x94,0x3f,0x7a,
  0x22,0x51,0x92,0x4a,0x9c,0x34,0x16,0x6a,0x94,0x7d,0xba,0xee,0xfe,0xe0,0xcf,0x5b,
  0x2a,0x6e,0x34,0x5e,0xa2,0xd7,0xc8,0x54,0xf,0xfb,0x3b,0xd6,0xa9,0x37,0x15,0xd5,
  0x2b,0xf6,0x87,0x6d,0xcd,0x65,0xa4,0xdd,0xaa,0xe2,0x14,0x63,0x50,0x5e,0x82,0x48,
  0x8,0x17,0x28,0xca,0x77,0xd3,0xc7,0x13,0xb,0x8a,0xae,0x46,0xbf,0xba,0x41,0xac,
  0xe6,0xb0,0x33,0xd5,0xe2,0xbe,0xc2,0x1e,0xa8,0x69,0xee,0xa8,0xc3,0xa3,0x31,0xf9,
  0x3b,0xd,0xb7,0x21,0xd1,0x8a,0x88,0x34,0xaf,0x5,0xbb,0x8d,0x8d,0x13,0xf1,0xf5,
  0xf0,0xe8,0xbb,0xf4,0x3f,0xb4,0xf0,0x88,0x5a,0x38,0x80,0xa0,0x4e,0x9e,0x5f,0xfd,
  0xa1,0x85,0xdf,0xa9,0x16,0x1e,0x1e,0x43,0x43,0x76,0x2f,0xb9,0xf4,0xe1,0x77,0xad,
  0x43,0xc2,0x3,0xcf,0x5b,0x9f,0xf5,0xe2,0x8,0x2f,0x5,0x7d,0xb5,0xc,0x4f,0x5d,
  0xfc,0xe5,0x53,0xdf,0x26,0xf2,0xd4,0x5,0xc2,0x8e,0x13,0x1f,0xbc,0xe0,0x3f,0xed,
  0x39,0x41,0xfc,0x2,0x63,0x5c,0x21,0xb,0x4a,0x64,0x3d,0xf0,0xdc,0x99,0xbf,0x8,
  0xff,0x9e,0x42,0xf2,0xac,0x87,0xcf,0x97,0x65,0x51,0xf5,0x91,0x82,0xf3,0xcc,0xc1,
  0xd0,0x46,0xc5,0x33,0xc9,0xd1,0x7f,0xf0,0xf3,0x1f,0x9a,0xc4,0x6b,0x21,
  
};

static const unsigned char qt_resource_name[] = {
  // qt
  0x0,0x2,
  0x0,0x0,0x7,0x84,
  0x0,0x71,
  0x0,0x74,
    // qml
  0x0,0x3,
  0x0,0x0,0x78,0x3c,
  0x0,0x71,
  0x0,0x6d,0x0,0x6c,
    // com
  0x0,0x3,
  0x0,0x0,0x6a,0x5d,
  0x0,0x63,
  0x0,0x6f,0x0,0x6d,
    // voxspend200
  0x0,0xb,
  0x6,0x7e,0xaa,0x70,
  0x0,0x76,
  0x0,0x6f,0x0,0x78,0x0,0x73,0x0,0x70,0x0,0x65,0x0,0x6e,0x0,0x64,0x0,0x32,0x0,0x30,0x0,0x30,
    // backend
  0x0,0x7,
  0x8,0x7a,0x1c,0x84,
  0x0,0x62,
  0x0,0x61,0x0,0x63,0x0,0x6b,0x0,0x65,0x0,0x6e,0x0,0x64,
    // Main.qml
  0x0,0x8,
  0x8,0x1,0x5e,0x5c,
  0x0,0x4d,
  0x0,0x61,0x0,0x69,0x0,0x6e,0x0,0x2e,0x0,0x71,0x0,0x6d,0x0,0x6c,
    // AddExpense.qml
  0x0,0xe,
  0x0,0x91,0xac,0xdc,
  0x0,0x41,
  0x0,0x64,0x0,0x64,0x0,0x45,0x0,0x78,0x0,0x70,0x0,0x65,0x0,0x6e,0x0,0x73,0x0,0x65,0x0,0x2e,0x0,0x71,0x0,0x6d,0x0,0x6c,
    // NavIcon.qml
  0x0,0xb,
  0xb,0x8,0x45,0xdc,
  0x0,0x4e,
  0x0,0x61,0x0,0x76,0x0,0x49,0x0,0x63,0x0,0x6f,0x0,0x6e,0x0,0x2e,0x0,0x71,0x0,0x6d,0x0,0x6c,
    // TransactionPage.qml
  0x0,0x13,
  0xc,0x56,0x79,0xdc,
  0x0,0x54,
  0x0,0x72,0x0,0x61,0x0,0x6e,0x0,0x73,0x0,0x61,0x0,0x63,0x0,0x74,0x0,0x69,0x0,0x6f,0x0,0x6e,0x0,0x50,0x0,0x61,0x0,0x67,0x0,0x65,0x0,0x2e,0x0,0x71,
  0x0,0x6d,0x0,0x6c,
    // SignupPage.qml
  0x0,0xe,
  0x8,0x1f,0xcc,0x9c,
  0x0,0x53,
  0x0,0x69,0x0,0x67,0x0,0x6e,0x0,0x75,0x0,0x70,0x0,0x50,0x0,0x61,0x0,0x67,0x0,0x65,0x0,0x2e,0x0,0x71,0x0,0x6d,0x0,0x6c,
    // LogoutPage.qml
  0x0,0xe,
  0xc,0x1d,0xd2,0x3c,
  0x0,0x4c,
  0x0,0x6f,0x0,0x67,0x0,0x6f,0x0,0x75,0x0,0x74,0x0,0x50,0x0,0x61,0x0,0x67,0x0,0x65,0x0,0x2e,0x0,0x71,0x0,0x6d,0x0,0x6c,
    // CategoryCard.qml
  0x0,0x10,
  0xf,0x58,0x11,0xbc,
  0x0,0x43,
  0x0,0x61,0x0,0x74,0x0,0x65,0x0,0x67,0x0,0x6f,0x0,0x72,0x0,0x79,0x0,0x43,0x0,0x61,0x0,0x72,0x0,0x64,0x0,0x2e,0x0,0x71,0x0,0x6d,0x0,0x6c,
    // SummaryPage.qml
  0x0,0xf,
  0xf,0xa8,0x3,0xfc,
  0x0,0x53,
  0x0,0x75,0x0,0x6d,0x0,0x6d,0x0,0x61,0x0,0x72,0x0,0x79,0x0,0x50,0x0,0x61,0x0,0x67,0x0,0x65,0x0,0x2e,0x0,0x71,0x0,0x6d,0x0,0x6c,
    // EditProfile.qml
  0x0,0xf,
  0x1,0xa,0x55,0x5c,
  0x0,0x45,
  0x0,0x64,0x0,0x69,0x0,0x74,0x0,0x50,0x0,0x72,0x0,0x6f,0x0,0x66,0x0,0x69,0x0,0x6c,0x0,0x65,0x0,0x2e,0x0,0x71,0x0,0x6d,0x0,0x6c,
    // LoginPage.qml
  0x0,0xd,
  0x1,0x6c,0x53,0xbc,
  0x0,0x4c,
  0x0,0x6f,0x0,0x67,0x0,0x69,0x0,0x6e,0x0,0x50,0x0,0x61,0x0,0x67,0x0,0x65,0x0,0x2e,0x0,0x71,0x0,0x6d,0x0,0x6c,
    // ChartsPage.qml
  0x0,0xe,
  0xa,0xc7,0x36,0x9c,
  0x0,0x43,
  0x0,0x68,0x0,0x61,0x0,0x72,0x0,0x74,0x0,0x73,0x0,0x50,0x0,0x61,0x0,0x67,0x0,0x65,0x0,0x2e,0x0,0x71,0x0,0x6d,0x0,0x6c,
  
};

static const unsigned char qt_resource_struct[] = {
  // :
  0x0,0x0,0x0,0x0,0x0,0x2,0x0,0x0,0x0,0x1,0x0,0x0,0x0,0x1,
0x0,0x0,0x0,0x0,0x0,0x0,0x0,0x0,
  // :/qt
  0x0,0x0,0x0,0x0,0x0,0x2,0x0,0x0,0x0,0x1,0x0,0x0,0x0,0x2,
0x0,0x0,0x0,0x0,0x0,0x0,0x0,0x0,
  // :/qt/qml
  0x0,0x0,0x0,0xa,0x0,0x2,0x0,0x0,0x0,0x1,0x0,0x0,0x0,0x3,
0x0,0x0,0x0,0x0,0x0,0x0,0x0,0x0,
  // :/qt/qml/com
  0x0,0x0,0x0,0x16,0x0,0x2,0x0,0x0,0x0,0x1,0x0,0x0,0x0,0x4,
0x0,0x0,0x0,0x0,0x0,0x0,0x0,0x0,
  // :/qt/qml/com/voxspend200
  0x0,0x0,0x0,0x22,0x0,0x2,0x0,0x0,0x0,0x1,0x0,0x0,0x0,0x5,
0x0,0x0,0x0,0x0,0x0,0x0,0x0,0x0,
  // :/qt/qml/com/voxspend200/backend
  0x0,0x0,0x0,0x3e,0x0,0x2,0x0,0x0,0x0,0x1,0x0,0x0,0x0,0x6,
0x0,0x0,0x0,0x0,0x0,0x0,0x0,0x0,
  // :/qt/qml/com/voxspend200/backend/qml
  0x0,0x0,0x0,0xa,0x0,0x2,0x0,0x0,0x0,0xb,0x0,0x0,0x0,0x7,
0x0,0x0,0x0,0x0,0x0,0x0,0x0,0x0,
  // :/qt/qml/com/voxspend200/backend/qml/AddExpense.qml
  0x0,0x0,0x0,0x68,0x0,0x1,0x0,0x0,0x0,0x1,0x0,0x0,0x10,0x8d,
0x0,0x0,0x1,0x9f,0x7b,0x51,0x5f,0xda,
  // :/qt/qml/com/voxspend200/backend/qml/EditProfile.qml
  0x0,0x0,0x1,0x60,0x0,0x0,0x0,0x0,0x0,0x1,0x0,0x0,0x32,0x27,
0x0,0x0,0x1,0x9f,0x7b,0x51,0x5f,0xb6,
  // :/qt/qml/com/voxspend200/backend/qml/LoginPage.qml
  0x0,0x0,0x1,0x84,0x0,0x0,0x0,0x0,0x0,0x1,0x0,0x0,0x3b,0xe5,
0x0,0x0,0x1,0x9f,0x7d,0x8d,0x95,0x4c,
  // :/qt/qml/com/voxspend200/backend/qml/Main.qml
  0x0,0x0,0x0,0x52,0x0,0x1,0x0,0x0,0x0,0x1,0x0,0x0,0x0,0x0,
0x0,0x0,0x1,0x9f,0x7d,0x8d,0x95,0x46,
  // :/qt/qml/com/voxspend200/backend/qml/SignupPage.qml
  0x0,0x0,0x0,0xd2,0x0,0x1,0x0,0x0,0x0,0x1,0x0,0x0,0x25,0xce,
0x0,0x0,0x1,0x9f,0x7b,0x51,0x39,0x28,
  // :/qt/qml/com/voxspend200/backend/qml/ChartsPage.qml
  0x0,0x0,0x1,0xa4,0x0,0x1,0x0,0x0,0x0,0x1,0x0,0x0,0x48,0xd3,
0x0,0x0,0x1,0x9f,0x7b,0x46,0xf1,0xf4,
  // :/qt/qml/com/voxspend200/backend/qml/NavIcon.qml
  0x0,0x0,0x0,0x8a,0x0,0x0,0x0,0x0,0x0,0x1,0x0,0x0,0x16,0x16,
0x0,0x0,0x1,0x9f,0x7b,0x46,0xf1,0xea,
  // :/qt/qml/com/voxspend200/backend/qml/LogoutPage.qml
  0x0,0x0,0x0,0xf4,0x0,0x1,0x0,0x0,0x0,0x1,0x0,0x0,0x29,0x95,
0x0,0x0,0x1,0x9f,0x7a,0x69,0x71,0x3a,
  // :/qt/qml/com/voxspend200/backend/qml/TransactionPage.qml
  0x0,0x0,0x0,0xa6,0x0,0x0,0x0,0x0,0x0,0x1,0x0,0x0,0x1b,0x5e,
0x0,0x0,0x1,0x9f,0x7a,0x69,0x71,0x3b,
  // :/qt/qml/com/voxspend200/backend/qml/CategoryCard.qml
  0x0,0x0,0x1,0x16,0x0,0x0,0x0,0x0,0x0,0x1,0x0,0x0,0x2c,0x86,
0x0,0x0,0x1,0x9f,0x7a,0x69,0x71,0x39,
  // :/qt/qml/com/voxspend200/backend/qml/SummaryPage.qml
  0x0,0x0,0x1,0x3c,0x0,0x1,0x0,0x0,0x0,0x1,0x0,0x0,0x2f,0x3,
0x0,0x0,0x1,0x9f,0x7a,0x69,0x71,0x3b,

};

#ifdef QT_NAMESPACE
#  define QT_RCC_PREPEND_NAMESPACE(name) ::QT_NAMESPACE::name
#  define QT_RCC_MANGLE_NAMESPACE0(x) x
#  define QT_RCC_MANGLE_NAMESPACE1(a, b) a##_##b
#  define QT_RCC_MANGLE_NAMESPACE2(a, b) QT_RCC_MANGLE_NAMESPACE1(a,b)
#  define QT_RCC_MANGLE_NAMESPACE(name) QT_RCC_MANGLE_NAMESPACE2( \
        QT_RCC_MANGLE_NAMESPACE0(name), QT_RCC_MANGLE_NAMESPACE0(QT_NAMESPACE))
#else
#   define QT_RCC_PREPEND_NAMESPACE(name) name
#   define QT_RCC_MANGLE_NAMESPACE(name) name
#endif

#if defined(QT_INLINE_NAMESPACE)
inline namespace QT_NAMESPACE {
#elif defined(QT_NAMESPACE)
namespace QT_NAMESPACE {
#endif

bool qRegisterResourceData(int, const unsigned char *, const unsigned char *, const unsigned char *);
bool qUnregisterResourceData(int, const unsigned char *, const unsigned char *, const unsigned char *);

#if defined(__ELF__) || defined(__APPLE__)
static inline unsigned char qResourceFeatureZlib()
{
    extern const unsigned char qt_resourceFeatureZlib;
    return qt_resourceFeatureZlib;
}
#else
unsigned char qResourceFeatureZlib();
#endif

#ifdef QT_NAMESPACE
}
#endif

int QT_RCC_MANGLE_NAMESPACE(qInitResources_appVoxSpend200_raw_qml_0)();
int QT_RCC_MANGLE_NAMESPACE(qInitResources_appVoxSpend200_raw_qml_0)()
{
    int version = 3;
    QT_RCC_PREPEND_NAMESPACE(qRegisterResourceData)
        (version, qt_resource_struct, qt_resource_name, qt_resource_data);
    return 1;
}

int QT_RCC_MANGLE_NAMESPACE(qCleanupResources_appVoxSpend200_raw_qml_0)();
int QT_RCC_MANGLE_NAMESPACE(qCleanupResources_appVoxSpend200_raw_qml_0)()
{
    int version = 3;
    version += QT_RCC_PREPEND_NAMESPACE(qResourceFeatureZlib());
    QT_RCC_PREPEND_NAMESPACE(qUnregisterResourceData)
       (version, qt_resource_struct, qt_resource_name, qt_resource_data);
    return 1;
}

#ifdef __clang__
#   pragma clang diagnostic push
#   pragma clang diagnostic ignored "-Wexit-time-destructors"
#endif

namespace {
   struct initializer {
       initializer() { QT_RCC_MANGLE_NAMESPACE(qInitResources_appVoxSpend200_raw_qml_0)(); }
       ~initializer() { QT_RCC_MANGLE_NAMESPACE(qCleanupResources_appVoxSpend200_raw_qml_0)(); }
   } dummy;
}

#ifdef __clang__
#   pragma clang diagnostic pop
#endif
